"flight_number","departure_airport_code","arrival_airport_code","departure_date","arrival_date","departure_time","arrival_time","flight_duration_hours","airline_name","aircraft_type"
7027,IAL,DPK,2022-06-04,2022-05-04,06:13:00,00:03:00,3,Photospace,Embraer E190
1882,RAX,SOI,2022-01-08,2022-12-02,12:42:00,05:21:00,7,Roombo,Airbus A320
6709,LEB,EKT,2022-01-02,2022-02-05,00:28:00,11:28:00,12,Gigazoom,Embraer E190
6066,KNA,MKP,2022-08-30,2022-07-06,14:14:00,03:02:00,15,Skilith,Boeing 737
7553,THR,TUZ,2022-02-26,2022-06-22,13:16:00,04:51:00,9,Flashdog,Embraer E190
341,MNC,IHC,2022-12-02,2022-02-17,01:13:00,20:44:00,11,Livepath,Boeing 737
8803,RCM,PBL,2022-06-24,2022-07-02,19:52:00,17:27:00,19,Plambee,Boeing 737
2458,VDC,STB,2022-09-11,2022-12-06,12:39:00,15:23:00,6,Gigashots,Embraer E190
6322,BMH,AMN,2022-04-01,2022-08-27,14:30:00,02:39:00,19,Rhycero,Airbus A320
6551,DSX,RZR,2022-10-17,2022-05-31,14:49:00,02:24:00,17,Tagcat,Embraer E190
6258,IXQ,IBA,2022-05-16,2022-03-17,07:21:00,11:36:00,24,Lazzy,Boeing 737
2336,YDN,HDM,2022-04-09,2022-10-11,00:04:00,07:27:00,21,Vimbo,Boeing 737
3612,ZSW,RDZ,2022-09-16,2022-12-13,08:10:00,11:08:00,11,Mudo,Embraer E190
4077,PYO,KOU,2022-06-24,2022-03-04,11:28:00,13:39:00,3,Mydo,Boeing 737
4029,SEA,TOU,2022-11-13,2022-03-10,15:13:00,22:16:00,8,Skajo,Airbus A320
2865,NKW,MBI,2022-11-05,2022-02-05,11:09:00,05:18:00,23,Zoomzone,Airbus A320
3485,MNW,AJR,2022-09-28,2022-07-11,19:58:00,07:59:00,20,Dynabox,Boeing 737
9934,NVK,VRS,2022-01-01,2022-08-05,22:42:00,14:13:00,20,Zazio,Embraer E190
7410,JKH,AMV,2022-02-19,2022-08-25,22:07:00,14:11:00,6,Centizu,Embraer E190
2325,ATE,YCN,2022-06-07,2022-01-10,16:28:00,02:44:00,21,Skinder,Embraer E190
94,HIG,OUR,2022-02-05,2022-12-11,19:46:00,19:30:00,18,Camido,Boeing 737
3569,SWF,SGT,2022-11-29,2022-01-15,14:40:00,14:58:00,13,Zooveo,Embraer E190
3836,XRH,GWD,2022-03-02,2022-02-23,18:44:00,19:41:00,15,Agivu,Boeing 737
8054,MTD,DGG,2022-11-19,2022-08-03,18:54:00,08:36:00,23,Avamba,Embraer E190
5643,FMC,DGU,2022-05-23,2022-08-27,10:14:00,18:46:00,5,Avavee,Boeing 737
8544,GDM,RSX,2022-06-16,2022-03-10,09:19:00,02:03:00,18,Dabtype,Airbus A320
9169,GDV,HGH,2022-08-29,2022-06-20,16:22:00,18:24:00,9,Skidoo,Airbus A320
755,PVZ,JUI,2022-12-24,2022-01-09,02:56:00,12:13:00,21,Youfeed,Boeing 737
2192,PLQ,EIB,2022-03-11,2022-07-26,01:16:00,09:54:00,23,Pixope,Boeing 737
5494,MIT,GEB,2022-07-26,2022-01-08,17:09:00,13:58:00,5,Izio,Boeing 737
7365,FRD,RNL,2022-03-06,2022-08-04,01:47:00,16:02:00,2,Wikibox,Airbus A320
193,OVB,KYK,2022-04-06,2022-01-29,01:58:00,02:31:00,23,BlogXS,Boeing 737
4999,SLL,LNR,2022-09-19,2022-08-18,13:17:00,10:50:00,23,Dynabox,Embraer E190
2334,AJF,YMU,2022-01-23,2022-09-20,04:35:00,10:08:00,1,Fivechat,Embraer E190
5812,"0",VIA,2022-03-02,2022-05-10,05:37:00,19:26:00,18,Fadeo,Embraer E190
7231,MOH,RNC,2022-09-10,2022-04-06,20:56:00,05:03:00,17,Wikido,Embraer E190
8539,GBL,RSX,2022-02-13,2022-08-17,07:49:00,11:50:00,14,Dabjam,Airbus A320
7221,YVC,DIN,2022-05-13,2022-09-11,15:23:00,22:21:00,16,Kamba,Airbus A320
7272,CYX,RCA,2022-03-14,2022-10-01,18:24:00,19:46:00,8,Rooxo,Airbus A320
6215,RHN,RAX,2022-12-26,2022-08-10,22:44:00,04:59:00,9,Skiptube,Airbus A320
5245,HAE,PAD,2022-08-18,2022-08-13,09:55:00,04:36:00,16,Trunyx,Boeing 737
3373,SBV,LBJ,2022-10-30,2022-06-21,01:10:00,03:55:00,7,Abatz,Boeing 737
1630,HFN,BHP,2022-07-14,2022-01-24,19:11:00,17:40:00,5,Wordpedia,Embraer E190
7843,AMF,PUT,2022-04-30,2022-11-10,03:59:00,08:24:00,7,Eidel,Embraer E190
8510,MRC,CUZ,2022-05-17,2022-03-15,17:03:00,08:29:00,10,Oba,Boeing 737
637,KCC,CZK,2022-04-21,2022-02-19,21:25:00,17:19:00,21,Flashset,Airbus A320
2014,CSS,EIK,2022-05-31,2022-01-08,14:19:00,04:19:00,16,Photobug,Boeing 737
8780,JEG,DTH,2022-12-13,2022-11-23,04:16:00,17:55:00,21,Photolist,Boeing 737
4217,ZBR,LSY,2022-07-09,2022-04-29,03:57:00,09:14:00,10,Twiyo,Embraer E190
2557,VRI,CMC,2022-10-12,2022-07-25,23:41:00,12:12:00,14,Devcast,Boeing 737
333,BMA,PRC,2022-01-23,2022-07-03,02:00:00,19:20:00,3,Voomm,Airbus A320
827,UWA,BFQ,2022-02-20,2022-09-27,14:23:00,02:31:00,10,Cogibox,Boeing 737
5684,ANV,ASE,2022-07-04,2022-09-12,18:59:00,15:58:00,4,Yombu,Embraer E190
7645,EUQ,QAQ,2022-07-04,2022-04-09,23:53:00,11:27:00,19,Yabox,Airbus A320
5880,PSI,YCN,2022-03-01,2022-05-22,13:09:00,12:14:00,3,Zoomcast,Boeing 737
5946,KGD,CCA,2022-12-03,2022-03-11,21:41:00,14:28:00,4,Jabbersphere,Embraer E190
302,NAS,TON,2022-01-29,2022-10-01,15:22:00,20:24:00,18,Oozz,Boeing 737
7907,KHH,VDI,2022-02-22,2022-05-20,10:58:00,23:32:00,1,Skinix,Airbus A320
1538,MCU,TSW,2022-03-14,2022-03-31,03:48:00,01:30:00,9,Izio,Boeing 737
1391,ABO,LHC,2022-07-03,2022-09-20,20:55:00,12:03:00,5,Centidel,Boeing 737
6243,MSM,YOW,2022-10-12,2022-01-11,02:07:00,00:11:00,11,Jayo,Airbus A320
7797,COD,MFG,2022-10-27,2022-10-02,05:39:00,02:34:00,8,Blogtag,Airbus A320
8234,CSB,SST,2022-11-21,2022-11-03,01:30:00,05:58:00,22,Innotype,Boeing 737
823,SYN,CUZ,2022-04-27,2022-11-23,22:47:00,00:39:00,24,Oloo,Airbus A320
3141,VIN,XRH,2022-11-10,2022-05-13,00:01:00,04:46:00,18,Chatterbridge,Boeing 737
5573,MDD,NOU,2022-11-12,2022-05-09,15:42:00,09:00:00,12,Nlounge,Boeing 737
634,MCV,TGA,2022-04-11,2022-05-19,15:57:00,22:41:00,10,Skippad,Embraer E190
8056,TBK,IEV,2022-02-08,2022-08-19,10:29:00,12:46:00,12,Dabshots,Boeing 737
9055,PQC,BUS,2022-10-05,2022-02-10,12:28:00,08:03:00,23,Ailane,Airbus A320
2242,DOI,CDT,2022-08-17,2022-12-04,14:25:00,11:28:00,23,Trudeo,Airbus A320
5856,CDT,AHT,2022-10-07,2022-01-31,19:32:00,06:51:00,7,Voonder,Embraer E190
5401,BGF,BDY,2022-11-23,2022-09-16,02:27:00,04:21:00,21,Dynazzy,Boeing 737
7308,QGB,URD,2022-08-25,2022-08-24,13:12:00,16:02:00,19,Zava,Airbus A320
7728,ULU,ASS,2022-04-13,2022-04-06,18:24:00,21:22:00,7,Zoozzy,Boeing 737
1572,SLT,MCS,2022-03-02,2022-06-11,21:09:00,01:00:00,24,Riffwire,Boeing 737
1271,ZEM,SKG,2022-01-24,2022-01-09,02:41:00,18:19:00,20,Yodo,Embraer E190
6996,NAQ,ROI,2022-01-11,2022-09-13,22:03:00,23:00:00,24,Rooxo,Airbus A320
1048,CUP,NCH,2022-10-20,2022-05-05,01:43:00,20:08:00,23,Aimbu,Embraer E190
61,BNH,BOD,2022-12-19,2022-12-20,04:16:00,21:04:00,6,Zoovu,Embraer E190
509,NCE,YXC,2022-06-21,2022-02-28,16:16:00,08:55:00,10,Photofeed,Boeing 737
44,SEB,ENJ,2022-03-27,2022-10-31,09:53:00,02:27:00,6,Quatz,Airbus A320
1246,TKT,AAM,2022-11-29,2022-05-06,12:20:00,15:31:00,14,Topicware,Airbus A320
5064,KKM,CTK,2022-04-25,2022-08-18,19:53:00,23:10:00,10,Yoveo,Airbus A320
1763,NDB,EUE,2022-03-10,2022-06-26,05:01:00,10:07:00,22,Rhycero,Boeing 737
4918,LBB,AKB,2022-03-22,2022-04-17,17:01:00,23:26:00,9,Wordpedia,Embraer E190
3344,AIG,DZI,2022-09-16,2022-06-22,23:01:00,21:09:00,3,Eimbee,Airbus A320
8304,DZN,YAR,2022-12-06,2022-03-31,06:13:00,08:21:00,12,Zoombox,Airbus A320
6605,AAR,KOI,2022-05-13,2022-02-19,10:33:00,07:50:00,14,Bluezoom,Embraer E190
6167,YOA,EKX,2022-07-23,2022-08-30,22:01:00,16:47:00,14,Tagchat,Airbus A320
2599,WBW,ZBK,2022-05-04,2022-04-09,03:09:00,21:34:00,13,Jabbersphere,Embraer E190
1596,KOX,MTP,2022-10-23,2022-11-16,19:34:00,19:06:00,20,Skipfire,Airbus A320
4858,YQX,DUG,2022-01-17,2022-07-14,03:27:00,02:52:00,24,Kazu,Airbus A320
5520,GFK,KSS,2022-08-16,2022-02-22,10:12:00,16:49:00,23,Skynoodle,Embraer E190
6352,XSE,KTB,2022-04-22,2022-01-02,17:39:00,18:03:00,18,Mymm,Embraer E190
2237,MCV,ONI,2022-01-07,2022-04-09,16:40:00,10:07:00,19,Voomm,Embraer E190
8158,ABV,SZV,2022-04-06,2022-07-01,03:59:00,20:10:00,9,Thoughtmix,Embraer E190
8587,GMI,JOE,2022-04-07,2022-02-07,12:00:00,12:31:00,17,Oyoyo,Airbus A320
2196,BNI,SQC,2022-03-17,2022-02-27,07:18:00,02:44:00,12,Realcube,Embraer E190
7521,BQI,RAT,2022-11-21,2022-07-20,05:38:00,16:59:00,4,Fivebridge,Boeing 737
367,SQO,ETN,2022-05-28,2022-02-15,00:22:00,17:46:00,20,Yadel,Airbus A320
5074,TLI,CWX,2022-06-29,2022-11-27,00:20:00,20:11:00,7,Twimm,Boeing 737
6594,ESH,KWA,2022-03-02,2022-07-30,12:54:00,01:41:00,20,Twimm,Embraer E190
9655,TNT,HEZ,2022-04-22,2022-07-02,03:20:00,03:24:00,10,Feedmix,Airbus A320
257,KSZ,PMM,2022-10-18,2022-12-02,10:42:00,14:17:00,4,Yoveo,Embraer E190
2368,ORD,MAQ,2022-02-16,2022-08-02,06:40:00,03:27:00,9,Feedfire,Airbus A320
5386,LRR,SRL,2022-04-06,2022-02-12,14:30:00,08:07:00,24,Voomm,Airbus A320
6934,YYS,FEJ,2022-11-27,2022-02-15,20:07:00,13:02:00,20,Aimbo,Airbus A320
2475,OCE,ENK,2022-10-19,2022-06-17,15:14:00,19:18:00,5,Dabshots,Airbus A320
3505,BNU,BBM,2022-08-08,2022-05-21,20:48:00,09:27:00,3,Browsezoom,Airbus A320
8361,ENF,NCN,2022-07-12,2022-09-08,18:37:00,02:16:00,9,Twimm,Embraer E190
1133,GGW,KYS,2022-12-14,2022-08-11,21:54:00,21:42:00,9,Zava,Boeing 737
8151,RBD,YIP,2022-07-22,2022-09-03,00:09:00,13:49:00,9,Voonder,Boeing 737
6205,INK,POT,2022-07-16,2022-08-26,18:23:00,07:46:00,12,Katz,Boeing 737
4640,TEB,TJV,2022-11-04,2022-06-28,00:46:00,21:57:00,12,Jabbersphere,Airbus A320
7328,ULC,DVO,2022-07-15,2022-04-24,12:55:00,08:47:00,5,Thoughtblab,Airbus A320
296,DUE,LUZ,2022-07-26,2022-04-22,09:13:00,14:00:00,9,Leenti,Embraer E190
9338,KHE,AOR,2022-12-18,2022-07-08,21:07:00,03:29:00,11,Teklist,Boeing 737
3794,IDK,RMF,2022-08-08,2022-04-24,21:00:00,12:57:00,3,Jaxworks,Airbus A320
5642,XAP,BUD,2022-07-23,2022-10-09,16:42:00,04:58:00,1,Skinix,Boeing 737
4892,PLT,UIP,2022-02-21,2022-05-11,23:47:00,23:50:00,10,Jayo,Airbus A320
3472,MJV,NKY,2022-09-20,2022-11-30,22:13:00,16:04:00,6,Voonder,Boeing 737
2398,SYU,VSK,2022-06-19,2022-10-24,01:26:00,05:16:00,12,Lazz,Airbus A320
9389,BOF,YEQ,2022-06-10,2022-04-08,17:56:00,09:09:00,16,Fivebridge,Embraer E190
7889,AIE,KRM,2022-10-06,2022-10-31,23:01:00,07:18:00,23,Browsebug,Embraer E190
6733,PHM,QSC,2022-11-30,2022-08-02,19:23:00,04:48:00,8,Centimia,Boeing 737
405,MBH,ASH,2022-12-25,2022-07-29,22:35:00,04:13:00,17,Dazzlesphere,Embraer E190
2731,ERT,BBL,2022-08-26,2022-04-02,15:53:00,16:15:00,19,Einti,Embraer E190
733,DOE,CDQ,2022-08-01,2022-06-12,03:23:00,14:08:00,4,Jamia,Airbus A320
9500,SJS,CMD,2022-09-06,2022-09-02,02:56:00,21:11:00,17,Skiptube,Boeing 737
4075,YCL,GBP,2022-10-09,2022-09-27,20:25:00,02:26:00,14,Demimbu,Boeing 737
435,AGP,TIB,2022-08-19,2022-10-16,15:37:00,04:33:00,8,Fivechat,Embraer E190
7436,KGK,BLP,2022-10-20,2022-06-03,11:06:00,06:15:00,5,Ntags,Airbus A320
4901,NTE,KTY,2022-01-13,2022-01-12,03:52:00,18:40:00,9,Browsebug,Airbus A320
3813,CII,NNM,2022-12-05,2022-08-23,23:31:00,05:56:00,15,Flipstorm,Embraer E190
4621,TAM,PIH,2022-11-07,2022-04-20,21:38:00,18:02:00,24,Rhybox,Boeing 737
5688,TZM,DSX,2022-02-10,2022-06-01,19:01:00,12:14:00,17,Youfeed,Embraer E190
6503,WPB,VNY,2022-05-06,2022-05-08,06:09:00,00:18:00,23,Quimba,Embraer E190
530,TMF,ROD,2022-05-20,2022-01-24,18:25:00,19:08:00,5,Twimbo,Embraer E190
5307,XAR,WIB,2022-06-15,2022-10-12,14:29:00,17:58:00,12,Camimbo,Airbus A320
7888,DHN,PAQ,2022-12-07,2022-03-12,19:33:00,17:50:00,1,Feedspan,Airbus A320
3207,BNU,BKN,2022-09-28,2022-05-24,08:52:00,12:49:00,12,Jabbersphere,Embraer E190
8306,FFU,CQA,2022-08-09,2022-09-21,03:30:00,15:08:00,24,Skilith,Airbus A320
9086,IVW,IAS,2022-05-14,2022-04-30,05:30:00,22:40:00,24,Zoovu,Boeing 737
7504,PPV,AGN,2022-07-22,2022-03-19,02:49:00,05:56:00,2,Lazzy,Boeing 737
319,MJR,GME,2022-07-28,2022-12-10,08:57:00,08:51:00,23,Meevee,Airbus A320
3447,YAO,YYS,2022-10-29,2022-03-27,10:36:00,20:44:00,8,Fivechat,Airbus A320
4625,BHP,MWQ,2022-08-13,2022-12-08,14:53:00,16:18:00,12,Dynabox,Boeing 737
9486,STA,AEL,2022-12-17,2022-01-25,09:48:00,04:13:00,12,Flipstorm,Airbus A320
5629,COX,ULM,2022-04-09,2022-07-14,03:19:00,18:58:00,11,Blogtag,Boeing 737
1110,GAP,"0",2022-08-02,2022-01-04,09:44:00,12:25:00,12,Skiba,Airbus A320
5795,LNV,EVE,2022-04-17,2022-12-08,21:20:00,02:44:00,22,Einti,Airbus A320
7274,BLA,IFA,2022-08-05,2022-05-19,11:47:00,04:48:00,9,Browsecat,Airbus A320
6119,SWE,FOR,2022-10-05,2022-01-27,21:34:00,04:01:00,21,Avamba,Embraer E190
2663,MAZ,STI,2022-05-16,2022-03-25,06:22:00,06:28:00,10,Quire,Airbus A320
6288,SQK,KAF,2022-04-25,2022-03-30,13:38:00,10:14:00,7,Eimbee,Boeing 737
9643,KEE,BAE,2022-01-12,2022-08-25,13:13:00,11:25:00,2,Flashpoint,Embraer E190
4931,ZBO,YNL,2022-04-20,2022-12-11,05:52:00,06:36:00,8,Livetube,Airbus A320
5337,VXE,YCY,2022-11-03,2022-10-26,10:16:00,03:57:00,24,Blognation,Airbus A320
7889,TTE,KUP,2022-10-29,2022-11-24,13:25:00,18:32:00,14,Buzzdog,Airbus A320
7769,AJL,TMS,2022-07-05,2022-12-23,13:07:00,20:41:00,20,Voonder,Embraer E190
7009,AEO,ATD,2022-08-22,2022-10-12,11:23:00,00:37:00,16,Fiveclub,Boeing 737
4721,RJL,JNG,2022-08-16,2022-02-22,08:25:00,16:34:00,24,Avaveo,Boeing 737
4616,YZH,YPD,2022-12-05,2022-10-03,10:30:00,04:55:00,3,Miboo,Embraer E190
6061,IBA,BWO,2022-05-06,2022-03-30,04:17:00,13:28:00,20,Yakitri,Embraer E190
528,BKY,AVO,2022-01-06,2022-11-02,04:09:00,10:03:00,11,Tagfeed,Airbus A320
527,UDI,EKO,2022-10-15,2022-06-08,09:07:00,21:40:00,3,Aibox,Boeing 737
5320,YXS,LHV,2022-08-02,2022-12-06,09:02:00,12:35:00,20,Abatz,Boeing 737
9820,AIA,TLN,2022-05-06,2022-01-21,10:11:00,22:09:00,5,Zoomzone,Airbus A320
5995,KRE,INE,2022-01-15,2022-06-01,18:44:00,13:21:00,1,InnoZ,Airbus A320
4714,BIZ,MZK,2022-04-12,2022-09-13,15:07:00,07:25:00,16,Skaboo,Boeing 737
9048,PPX,TVA,2022-11-12,2022-05-10,02:53:00,15:04:00,19,Gigaclub,Embraer E190
1848,BPI,GLX,2022-10-24,2022-11-01,16:39:00,23:37:00,8,Voolith,Embraer E190
7460,JSH,YFO,2022-01-24,2022-02-05,14:04:00,01:45:00,21,Aimbu,Airbus A320
5423,TLA,BFR,2022-06-15,2022-01-14,08:49:00,20:10:00,13,Quatz,Embraer E190
3841,CZM,SOR,2022-05-21,2022-05-13,15:44:00,09:16:00,21,Photobean,Embraer E190
3547,YQB,YKM,2022-01-04,2022-06-15,21:28:00,12:43:00,8,Skyndu,Embraer E190
8463,AUQ,TMJ,2022-04-26,2022-03-20,06:37:00,13:17:00,23,Dynava,Airbus A320
4303,CGY,MMT,2022-11-21,2022-09-04,05:40:00,16:58:00,9,Viva,Embraer E190
7092,BTG,GLT,2022-06-09,2022-09-29,23:50:00,21:58:00,15,Muxo,Airbus A320
4673,YFB,FRL,2022-12-04,2022-04-02,10:12:00,16:59:00,13,Chatterpoint,Airbus A320
2626,JFR,SXP,2022-08-25,2022-01-13,06:17:00,23:09:00,6,Gigazoom,Airbus A320
6893,GCI,AZI,2022-05-17,2022-11-30,01:24:00,06:33:00,1,Kare,Airbus A320
5981,QSZ,YIB,2022-05-13,2022-07-29,12:21:00,20:50:00,6,Blogtags,Boeing 737
9094,SVK,QFO,2022-09-03,2022-12-08,18:41:00,11:45:00,3,Yombu,Airbus A320
8040,CPI,UFA,2022-04-08,2022-12-16,12:38:00,05:28:00,21,Kare,Embraer E190
498,XQP,MAE,2022-04-13,2022-05-04,11:21:00,07:51:00,9,Quatz,Embraer E190
3246,GDH,ABX,2022-05-22,2022-06-24,15:59:00,00:18:00,1,Youbridge,Embraer E190
334,HDM,ILY,2022-11-02,2022-09-17,16:14:00,19:14:00,19,Chatterpoint,Airbus A320
5740,OVS,KDY,2022-08-19,2022-09-25,13:01:00,16:48:00,22,Quatz,Embraer E190
2754,TSA,WWD,2022-06-19,2022-05-28,09:41:00,07:07:00,14,Kanoodle,Boeing 737
6776,CPD,YGN,2022-09-14,2022-05-14,14:09:00,16:18:00,8,Wikizz,Airbus A320
4214,YGC,DNZ,2022-05-13,2022-05-24,06:43:00,15:54:00,22,Devpoint,Airbus A320
776,IZA,EVN,2022-11-16,2022-01-18,20:54:00,19:35:00,14,Agimba,Embraer E190
2037,YRT,KAJ,2022-09-27,2022-10-25,08:36:00,00:18:00,12,Twitternation,Embraer E190
5731,LYP,PAL,2022-12-21,2022-03-01,07:15:00,21:57:00,4,Muxo,Airbus A320
9767,SYJ,SVP,2022-10-13,2022-12-24,03:55:00,16:50:00,3,Plambee,Boeing 737
8817,XEN,EKS,2022-11-19,2022-10-04,15:02:00,18:05:00,5,Cogidoo,Airbus A320
2221,FNH,IXK,2022-09-01,2022-08-20,23:39:00,14:00:00,7,Mydo,Airbus A320
4179,ODC,COI,2022-05-16,2022-05-25,15:45:00,01:09:00,12,Jabbersphere,Boeing 737
5643,ZHP,MQX,2022-01-10,2022-04-28,07:01:00,19:01:00,4,Jaxbean,Boeing 737
7535,YHS,BAE,2022-03-24,2022-08-08,06:25:00,16:18:00,4,Youspan,Boeing 737
9412,SNU,YQI,2022-04-15,2022-10-02,02:09:00,23:30:00,4,Fivechat,Embraer E190
2801,JCT,IND,2022-02-10,2022-01-30,04:30:00,15:25:00,1,Jabbertype,Boeing 737
2487,PUL,SKN,2022-01-02,2022-02-06,07:38:00,17:46:00,13,Katz,Airbus A320
3555,KWO,ELW,2022-11-01,2022-04-17,07:17:00,00:36:00,8,Thoughtbridge,Embraer E190
7261,BZD,MPP,2022-12-01,2022-11-24,19:25:00,02:21:00,8,Kanoodle,Airbus A320
953,YFR,KRE,2022-06-04,2022-07-12,11:50:00,04:34:00,18,Buzzbean,Embraer E190
3000,CZH,AUL,2022-05-08,2022-08-06,09:12:00,04:47:00,5,Ailane,Embraer E190
35,GLZ,SEQ,2022-12-06,2022-05-15,11:55:00,23:02:00,17,Zoomzone,Boeing 737
1187,OYN,LCK,2022-10-04,2022-12-09,23:18:00,21:48:00,7,Agivu,Embraer E190
9613,CSZ,EMA,2022-11-20,2022-11-22,10:28:00,00:48:00,18,Quamba,Embraer E190
9272,TRG,TRL,2022-04-10,2022-07-21,10:29:00,20:46:00,21,Gigabox,Airbus A320
1157,GBW,BTB,2022-06-24,2022-05-06,17:21:00,17:22:00,20,Browsebug,Airbus A320
4896,VCP,IRP,2022-12-18,2022-02-10,10:17:00,16:58:00,14,Feednation,Boeing 737
189,SLT,GLI,2022-08-13,2022-03-06,20:00:00,10:27:00,18,Shuffledrive,Airbus A320
9605,FXE,TGK,2022-08-19,2022-01-23,03:24:00,18:27:00,5,Realblab,Boeing 737
2187,THS,YFO,2022-12-29,2022-11-08,00:25:00,04:26:00,13,Buzzster,Embraer E190
9782,PAX,REL,2022-01-07,2022-06-21,04:28:00,15:36:00,14,Zoozzy,Embraer E190
8053,YCN,CGE,2022-06-25,2022-05-06,18:37:00,07:28:00,24,Browsebug,Airbus A320
7326,IQQ,TDG,2022-05-27,2022-09-22,15:41:00,10:34:00,1,Babblestorm,Boeing 737
4619,YJF,YKC,2022-09-10,2022-12-08,09:14:00,16:19:00,8,Mydo,Airbus A320
765,ACL,KIT,2022-01-25,2022-08-06,12:48:00,07:28:00,23,Twiyo,Embraer E190
4228,AMC,YBR,2022-06-03,2022-03-01,11:16:00,21:03:00,17,Roodel,Embraer E190
6149,LER,BUA,2022-01-23,2022-08-07,19:50:00,08:43:00,13,Viva,Embraer E190
1217,TCP,CSY,2022-01-11,2022-10-02,00:14:00,06:29:00,5,Babblestorm,Boeing 737
9543,TKK,KGT,2022-06-09,2022-03-19,06:02:00,02:06:00,5,Eimbee,Embraer E190
3876,TMW,KXR,2022-09-25,2022-10-15,02:25:00,22:31:00,5,Jabbertype,Boeing 737
4230,O62,DJN,2022-09-06,2022-02-04,22:06:00,20:45:00,19,Fivechat,Airbus A320
1310,CUI,BXH,2022-11-02,2022-02-03,12:13:00,08:05:00,20,Zooveo,Embraer E190
7187,LIL,OZG,2022-11-19,2022-06-02,12:11:00,09:24:00,9,Skilith,Boeing 737
674,YEH,CTA,2022-01-03,2022-09-25,14:58:00,16:42:00,19,Gabcube,Embraer E190
1131,NDA,DBM,2022-04-24,2022-02-25,00:32:00,02:06:00,10,Oyope,Boeing 737
8805,LME,KUE,2022-04-24,2022-11-15,03:42:00,23:24:00,11,Centimia,Boeing 737
9522,EUG,PRI,2022-12-10,2022-05-19,14:51:00,11:21:00,6,Blognation,Airbus A320
5987,LFO,KEW,2022-09-25,2022-09-19,23:46:00,22:18:00,22,Dazzlesphere,Airbus A320
3239,FAN,SVJ,2022-05-25,2022-01-02,02:06:00,17:09:00,17,Zoombox,Embraer E190
8146,BJF,HTS,2022-09-19,2022-06-17,21:50:00,16:53:00,16,Devcast,Embraer E190
6182,LTB,PBF,2022-03-05,2022-07-12,17:21:00,11:50:00,11,Tagchat,Embraer E190
3666,YFJ,YJS,2022-12-19,2022-06-24,02:59:00,17:09:00,10,Zoozzy,Boeing 737
9400,QNC,WSO,2022-07-29,2022-05-07,10:24:00,23:46:00,3,Realbuzz,Airbus A320
5550,VKG,LYN,2022-04-26,2022-08-16,12:20:00,16:21:00,1,Dabvine,Airbus A320
207,TUK,HAV,2022-06-09,2022-05-16,10:45:00,11:37:00,22,Bubblemix,Embraer E190
6656,TGU,TQN,2022-06-09,2022-07-09,02:54:00,13:38:00,12,Eabox,Embraer E190
1397,ZFA,JCM,2022-05-03,2022-07-08,17:52:00,08:06:00,23,Tambee,Embraer E190
7627,MAV,WGO,2022-11-13,2022-04-07,22:32:00,23:43:00,10,Agimba,Airbus A320
703,MAX,ARM,2022-11-09,2022-02-23,04:23:00,06:06:00,6,Pixoboo,Airbus A320
5491,TOM,WBU,2022-05-08,2022-06-23,16:15:00,11:10:00,19,Vinte,Boeing 737
9867,YFX,YQJ,2022-02-09,2022-03-05,17:51:00,09:11:00,22,Divavu,Airbus A320
3306,KSY,MAZ,2022-08-22,2022-04-05,18:03:00,01:26:00,4,Cogibox,Airbus A320
1408,QSX,VXC,2022-04-23,2022-05-11,16:39:00,07:38:00,8,Mycat,Embraer E190
9717,SCR,PRX,2022-11-21,2022-08-20,22:45:00,08:20:00,2,Roombo,Airbus A320
651,YGZ,TNP,2022-09-05,2022-11-11,06:48:00,05:33:00,20,Quamba,Airbus A320
8015,XRH,MSL,2022-08-04,2022-02-11,11:16:00,04:49:00,15,Topicblab,Embraer E190
7362,PCR,SMB,2022-12-05,2022-12-15,15:31:00,04:08:00,5,Skiba,Airbus A320
3163,URE,QJI,2022-01-09,2022-02-26,08:37:00,23:55:00,4,Devshare,Airbus A320
5459,BYL,"0",2022-06-16,2022-07-08,01:29:00,10:55:00,16,Zoombeat,Embraer E190
830,"0",TGC,2022-10-21,2022-12-02,05:57:00,15:56:00,13,Divanoodle,Boeing 737
6350,IXS,YMH,2022-09-23,2022-07-04,01:20:00,18:03:00,3,Oyoba,Airbus A320
9170,SZP,QIG,2022-11-24,2022-02-01,15:40:00,13:49:00,21,Photolist,Boeing 737
6894,LDU,MFQ,2022-11-21,2022-06-23,07:19:00,15:05:00,19,Flipopia,Boeing 737
5217,PCU,WCR,2022-01-05,2022-07-27,19:51:00,12:00:00,24,Rhyloo,Airbus A320
6476,WND,SLN,2022-01-17,2022-08-17,18:02:00,14:52:00,18,Thoughtmix,Airbus A320
8330,FOU,MUD,2022-03-24,2022-02-26,20:46:00,20:33:00,21,Riffpedia,Airbus A320
9729,COY,HKB,2022-10-15,2022-08-16,18:26:00,15:53:00,16,Skiba,Embraer E190
2198,FOR,BFC,2022-10-07,2022-11-18,08:56:00,15:30:00,13,Divape,Boeing 737
7076,DEH,MBX,2022-02-01,2022-01-10,23:03:00,03:40:00,18,Oyope,Embraer E190
3149,FTW,HPN,2022-12-02,2022-10-07,01:50:00,04:31:00,6,Realbridge,Embraer E190
6042,AZP,PSV,2022-05-14,2022-11-12,04:45:00,18:55:00,17,Tazzy,Boeing 737
6016,JCM,MPT,2022-01-29,2022-07-02,01:05:00,12:01:00,4,Kayveo,Airbus A320
5747,BJX,DRD,2022-05-16,2022-02-26,15:09:00,10:23:00,10,Riffpedia,Embraer E190
6323,UTW,TBV,2022-07-08,2022-04-20,11:31:00,04:35:00,18,Einti,Boeing 737
8597,QBC,VLV,2022-07-25,2022-07-04,05:53:00,01:36:00,19,Bubblebox,Airbus A320
3111,YEV,WYB,2022-09-03,2022-05-20,09:17:00,10:24:00,4,Pixonyx,Airbus A320
5717,BNB,MZK,2022-12-23,2022-01-02,02:41:00,17:25:00,10,Voomm,Boeing 737
3220,BPM,PRO,2022-07-26,2022-02-04,06:47:00,21:03:00,11,Feedfire,Boeing 737
3661,SFB,BRK,2022-01-19,2022-12-30,08:07:00,21:54:00,24,Livetube,Embraer E190
5018,OYG,KDD,2022-06-11,2022-08-02,18:41:00,23:17:00,18,Vimbo,Embraer E190
2754,LNR,NND,2022-12-17,2022-10-28,01:41:00,15:40:00,5,Quatz,Airbus A320
9995,TBM,LVP,2022-08-26,2022-06-07,07:23:00,12:38:00,17,Chatterpoint,Airbus A320
2605,TPP,DLG,2022-09-19,2022-01-04,16:07:00,14:29:00,9,Zooxo,Boeing 737
9093,FLA,DAK,2022-03-19,2022-07-26,01:28:00,00:27:00,17,Browsedrive,Boeing 737
9377,BHF,KUK,2022-06-30,2022-07-18,14:28:00,00:38:00,8,Twitterworks,Embraer E190
9702,SFE,TMI,2022-12-13,2022-04-14,04:41:00,09:33:00,21,Gabtype,Embraer E190
772,YKH,YCH,2022-10-14,2022-03-10,13:50:00,15:37:00,16,Devify,Airbus A320
6411,AHM,YOA,2022-08-09,2022-07-24,12:37:00,23:45:00,16,Tagopia,Boeing 737
2262,BRU,KWO,2022-12-18,2022-11-14,08:28:00,19:53:00,4,Yodoo,Airbus A320
9765,PIW,SHA,2022-08-17,2022-01-09,11:52:00,21:36:00,16,Gigashots,Boeing 737
9823,MDR,OCV,2022-01-03,2022-09-01,12:40:00,18:39:00,24,Centidel,Boeing 737
8846,MST,BOS,2022-01-15,2022-05-05,01:19:00,01:36:00,3,Twitterwire,Boeing 737
9413,MBX,WMC,2022-11-11,2022-02-28,07:14:00,05:16:00,23,Jayo,Airbus A320
1563,IOM,ATV,2022-08-10,2022-08-21,18:23:00,20:21:00,23,Camido,Embraer E190
2091,PMQ,CDW,2022-07-29,2022-07-11,22:58:00,01:01:00,18,Jabbersphere,Embraer E190
3907,LUE,ACB,2022-06-08,2022-05-20,16:39:00,16:33:00,11,Kazio,Embraer E190
6957,WDA,CES,2022-09-14,2022-11-23,09:21:00,21:31:00,17,Jazzy,Airbus A320
1505,KBA,FUB,2022-07-28,2022-10-13,18:33:00,03:16:00,13,Zoombeat,Boeing 737
6440,NMN,LIE,2022-06-12,2022-02-03,15:46:00,06:00:00,16,Lazz,Airbus A320
1021,YIK,LRG,2022-04-16,2022-05-29,03:08:00,05:08:00,4,Kaymbo,Boeing 737
8310,TMP,WFB,2022-07-05,2022-06-25,15:33:00,18:33:00,4,Avaveo,Boeing 737
3730,YZU,KDU,2022-05-23,2022-12-02,16:09:00,20:04:00,14,Photospace,Airbus A320
3477,WAP,PSS,2022-07-20,2022-10-30,22:49:00,21:20:00,21,Livetube,Boeing 737
7927,DAY,ESR,2022-01-23,2022-03-21,11:45:00,00:53:00,5,Eabox,Boeing 737
9874,YOE,BKW,2022-08-14,2022-11-19,08:36:00,21:50:00,17,Meemm,Boeing 737
5535,IGM,UUN,2022-10-18,2022-09-30,15:57:00,03:09:00,12,Kazio,Boeing 737
5712,LWT,SFE,2022-10-12,2022-12-24,08:53:00,07:17:00,18,Bluezoom,Airbus A320
8102,LWV,RCB,2022-11-19,2022-01-18,13:52:00,00:34:00,13,Camido,Embraer E190
9104,RDE,BKC,2022-09-28,2022-07-06,20:23:00,15:58:00,13,Flashpoint,Airbus A320
3028,SDL,KGS,2022-07-30,2022-03-03,12:09:00,08:33:00,10,Demizz,Embraer E190
8428,CDA,YNL,2022-11-12,2022-12-16,10:20:00,11:59:00,7,Aibox,Airbus A320
9848,XTL,ZAC,2022-08-27,2022-06-09,09:45:00,06:31:00,16,Roodel,Embraer E190
3238,YLW,YSQ,2022-12-12,2022-06-20,17:57:00,17:13:00,22,Tanoodle,Boeing 737
7887,PEW,PEX,2022-03-27,2022-01-08,16:52:00,14:40:00,6,Aibox,Boeing 737
6831,ETN,IFO,2022-06-20,2022-06-23,17:38:00,10:19:00,13,Abatz,Embraer E190
9966,SMP,BEC,2022-12-30,2022-05-18,10:53:00,15:39:00,5,Jazzy,Boeing 737
6769,YTR,KWM,2022-02-09,2022-07-23,19:11:00,16:39:00,13,Snaptags,Airbus A320
5416,TAM,GXQ,2022-07-31,2022-07-02,12:41:00,05:01:00,24,Quatz,Boeing 737
1901,MLZ,MCU,2022-01-04,2022-12-27,07:47:00,05:14:00,4,Yambee,Embraer E190
5966,BZG,YVP,2022-08-06,2022-03-31,11:52:00,01:42:00,12,Skiba,Boeing 737
7445,GBK,NST,2022-10-16,2022-09-19,05:21:00,05:04:00,20,Meetz,Embraer E190
1856,TEB,EXM,2022-10-18,2022-09-15,06:00:00,03:28:00,2,Kimia,Embraer E190
1455,BMY,OZG,2022-01-12,2022-05-12,23:55:00,23:33:00,20,Jetwire,Airbus A320
8546,UEN,YAI,2022-02-25,2022-02-14,14:20:00,08:53:00,10,Eire,Boeing 737
7407,TLZ,GRV,2022-01-04,2022-06-15,11:56:00,09:11:00,11,Yadel,Boeing 737
9704,HUY,EVW,2022-12-04,2022-08-29,21:54:00,14:55:00,11,Rhycero,Embraer E190
7897,KCC,NOC,2022-04-16,2022-04-05,09:26:00,04:02:00,20,Thoughtmix,Airbus A320
8891,QJP,HBE,2022-04-06,2022-08-11,08:41:00,12:19:00,12,Tazzy,Boeing 737
9731,MQU,TCZ,2022-12-29,2022-11-06,22:40:00,15:20:00,20,Fivespan,Embraer E190
7825,BXG,TOM,2022-06-14,2022-11-28,04:50:00,09:21:00,11,Babbleblab,Embraer E190
9069,COY,JNB,2022-10-28,2022-05-15,04:58:00,09:50:00,6,Jabberbean,Embraer E190
2650,ANF,JKH,2022-06-17,2022-05-09,19:32:00,07:23:00,2,Demimbu,Boeing 737
3993,CNQ,MOV,2022-09-13,2022-05-26,13:08:00,22:48:00,20,Edgeclub,Embraer E190
3766,GGG,LFP,2022-12-29,2022-09-10,18:26:00,16:49:00,24,Blognation,Airbus A320
8683,OHA,KLI,2022-02-04,2022-05-07,01:15:00,08:27:00,6,Topicstorm,Airbus A320
2912,DBV,AUC,2022-12-01,2022-03-05,05:19:00,06:51:00,13,Riffpath,Airbus A320
8527,LOK,TUK,2022-10-16,2022-05-08,02:28:00,04:55:00,11,Skyndu,Embraer E190
1429,DEX,GUA,2022-10-02,2022-08-29,16:23:00,18:28:00,5,Agivu,Embraer E190
841,QCO,ZSW,2022-04-19,2022-11-08,12:12:00,01:23:00,22,Devbug,Boeing 737
7686,POD,YTQ,2022-02-08,2022-07-26,17:20:00,04:53:00,14,Vidoo,Boeing 737
2215,PLP,TBP,2022-01-15,2022-04-11,14:15:00,06:31:00,8,Oozz,Airbus A320
1370,OLO,BJV,2022-11-01,2022-02-06,18:43:00,20:19:00,4,Dabtype,Airbus A320
5130,PBO,KMA,2022-05-02,2022-03-29,16:48:00,23:02:00,22,Oyonder,Airbus A320
9110,RVN,YMJ,2022-09-23,2022-03-05,01:35:00,10:42:00,20,Edgepulse,Boeing 737
2775,GKH,YQZ,2022-09-05,2022-04-20,07:51:00,20:21:00,11,Camimbo,Airbus A320
6093,HMO,URJ,2022-11-21,2022-10-26,15:56:00,08:35:00,2,Babblestorm,Airbus A320
7118,MHE,IXS,2022-03-26,2022-04-20,11:53:00,10:49:00,1,Skinix,Airbus A320
5805,MRP,TQD,2022-08-03,2022-08-29,14:44:00,19:37:00,10,Quinu,Airbus A320
3689,VVO,AUT,2022-09-28,2022-06-29,10:38:00,23:13:00,11,Twimm,Embraer E190
1897,ILD,ZIH,2022-05-17,2022-05-13,21:48:00,06:18:00,4,Riffpath,Boeing 737
1639,LUA,MEX,2022-06-13,2022-02-09,04:56:00,05:24:00,8,Fiveclub,Airbus A320
3242,SIQ,DNH,2022-10-30,2022-06-07,05:58:00,21:38:00,6,Flashdog,Airbus A320
2152,DIB,ILA,2022-12-24,2022-07-24,06:14:00,12:27:00,8,Dabvine,Airbus A320
3633,WGT,LYA,2022-04-04,2022-06-25,00:37:00,00:34:00,17,Plajo,Boeing 737
3209,CNP,AUG,2022-10-14,2022-02-03,17:54:00,17:25:00,4,Quatz,Boeing 737
6162,TUN,UDA,2022-11-18,2022-02-28,03:48:00,11:51:00,2,Shuffletag,Embraer E190
3815,SGA,WUU,2022-10-24,2022-04-01,18:54:00,15:07:00,17,Skyble,Embraer E190
504,FMA,DBK,2022-06-14,2022-03-06,13:39:00,05:59:00,8,Ooba,Airbus A320
909,LXR,DCG,2022-07-10,2022-04-09,05:49:00,15:06:00,14,Vinte,Airbus A320
8980,MSQ,ICT,2022-08-02,2022-02-21,07:10:00,20:08:00,1,Yacero,Airbus A320
9158,SAV,HIG,2022-12-24,2022-01-14,18:32:00,02:04:00,22,Zoombox,Embraer E190
4600,XES,YEG,2022-09-30,2022-11-25,22:40:00,04:38:00,1,Meetz,Embraer E190
4291,YPW,CNF,2022-01-10,2022-09-21,20:30:00,18:28:00,13,Tagchat,Airbus A320
8911,LBQ,ATH,2022-07-30,2022-05-13,23:38:00,21:32:00,3,Wikivu,Embraer E190
6984,RHL,ILI,2022-03-12,2022-02-09,10:52:00,20:47:00,17,Photospace,Airbus A320
7010,BKB,MER,2022-01-10,2022-04-01,21:44:00,13:15:00,11,Innotype,Airbus A320
6138,MSB,EYR,2022-01-23,2022-05-31,01:36:00,01:11:00,7,Mycat,Boeing 737
8867,ERV,USN,2022-11-25,2022-03-29,20:07:00,09:43:00,7,Trudoo,Boeing 737
821,BDP,OXF,2022-06-13,2022-09-12,23:56:00,10:17:00,21,Thoughtmix,Airbus A320
5549,ALM,YDC,2022-10-16,2022-07-27,19:12:00,02:39:00,2,Omba,Embraer E190
9025,OKN,SSQ,2022-09-13,2022-09-04,19:54:00,02:52:00,17,Geba,Embraer E190
2506,LSH,CIK,2022-12-21,2022-07-01,12:01:00,02:23:00,11,Demivee,Embraer E190
2302,HLU,LGG,2022-04-21,2022-02-24,19:16:00,23:02:00,17,Tazz,Boeing 737
2546,MIK,BZO,2022-06-05,2022-07-29,03:49:00,21:14:00,14,Edgeblab,Embraer E190
7655,QSN,AGH,2022-03-28,2022-03-31,14:33:00,16:49:00,8,Jamia,Boeing 737
1290,CAE,PSG,2022-02-24,2022-03-07,21:16:00,20:20:00,18,Cogilith,Airbus A320
5997,NDJ,WAA,2022-04-01,2022-09-22,19:25:00,22:54:00,19,Gigashots,Boeing 737
5635,SDC,VRC,2022-11-17,2022-05-08,05:09:00,06:13:00,17,Wikivu,Boeing 737
9267,CMZ,NDS,2022-10-11,2022-02-25,19:43:00,18:30:00,16,Midel,Boeing 737
5383,SOW,JBK,2022-06-17,2022-09-28,16:18:00,17:09:00,7,InnoZ,Embraer E190
8551,FRD,NAN,2022-09-29,2022-09-08,08:40:00,14:33:00,16,Brightdog,Embraer E190
8418,PUV,SRZ,2022-11-24,2022-07-05,23:07:00,20:10:00,5,Brainsphere,Airbus A320
7070,MNA,LWS,2022-08-26,2022-01-21,19:33:00,19:13:00,2,LiveZ,Boeing 737
132,AXD,LES,2022-02-03,2022-09-18,23:57:00,04:12:00,7,Thoughtstorm,Embraer E190
8469,XIC,ABW,2022-02-21,2022-03-20,05:09:00,23:05:00,2,Flipstorm,Embraer E190
499,KAB,THA,2022-08-22,2022-11-19,03:03:00,18:39:00,9,Abata,Embraer E190
9319,AGN,RLP,2022-09-04,2022-03-10,00:02:00,22:08:00,9,Wikizz,Airbus A320
1915,FLX,BDP,2022-12-10,2022-05-03,16:03:00,15:25:00,20,Flashspan,Embraer E190
4135,URI,SSJ,2022-08-06,2022-10-08,17:38:00,14:51:00,16,Tazzy,Embraer E190
2620,WGB,TAB,2022-04-29,2022-09-07,20:51:00,18:29:00,10,Quatz,Embraer E190
7859,PAJ,YCA,2022-12-13,2022-12-05,14:35:00,16:16:00,10,Brightdog,Embraer E190
9800,SWG,LVO,2022-11-16,2022-09-07,12:15:00,14:21:00,20,Skimia,Embraer E190
2041,QGS,AOE,2022-05-01,2022-02-24,22:57:00,01:07:00,17,Divanoodle,Embraer E190
4683,WAG,KST,2022-11-27,2022-06-24,06:03:00,03:23:00,24,Tagpad,Boeing 737
6173,DIQ,KFG,2022-05-22,2022-12-06,16:20:00,17:10:00,7,Brightbean,Boeing 737
4745,ICL,FAG,2022-06-18,2022-11-29,18:50:00,20:07:00,16,Eare,Embraer E190
1009,NCT,WWY,2022-07-14,2022-03-03,06:55:00,01:33:00,10,Jabbersphere,Airbus A320
9523,BQS,DES,2022-11-14,2022-06-03,00:23:00,15:35:00,3,Yombu,Airbus A320
9815,NQX,ALF,2022-12-20,2022-04-27,06:16:00,00:42:00,13,Zoovu,Boeing 737
8470,LVA,AUN,2022-08-03,2022-06-02,01:49:00,14:35:00,1,Plajo,Boeing 737
927,KII,BNC,2022-02-10,2022-06-26,11:28:00,08:05:00,12,Edgeify,Boeing 737
4060,CBL,KRH,2022-10-29,2022-09-27,05:21:00,11:32:00,2,Yotz,Embraer E190
2230,FMY,MWJ,2022-11-22,2022-07-11,00:30:00,16:27:00,14,Kayveo,Airbus A320
8852,LBG,NNL,2022-11-02,2022-04-27,03:02:00,07:23:00,12,Wikizz,Airbus A320
1632,DHN,NFG,2022-04-05,2022-09-12,11:03:00,14:27:00,17,Quaxo,Embraer E190
104,JOM,ODR,2022-07-29,2022-08-16,12:36:00,19:54:00,10,Oyondu,Boeing 737
61,ONP,NAV,2022-02-26,2022-02-10,21:02:00,21:20:00,22,Izio,Boeing 737
8615,MNN,CND,2022-09-08,2022-10-16,21:06:00,03:16:00,19,Izio,Boeing 737
292,FUG,SMA,2022-09-05,2022-07-09,03:15:00,07:32:00,4,Eidel,Airbus A320
3598,RJL,CMI,2022-11-19,2022-06-22,04:01:00,14:48:00,6,Topicblab,Boeing 737
9333,CPT,TSM,2022-09-27,2022-06-10,05:22:00,20:06:00,8,Youfeed,Embraer E190
370,JUM,KDA,2022-05-13,2022-10-12,17:19:00,15:17:00,17,Ailane,Airbus A320
698,GXQ,GST,2022-10-13,2022-08-13,07:21:00,18:14:00,15,Roombo,Embraer E190
3982,BEB,SUG,2022-07-18,2022-02-04,10:27:00,18:21:00,20,Meevee,Embraer E190
2409,YCY,NMR,2022-06-27,2022-07-02,21:54:00,14:23:00,12,Leenti,Embraer E190
238,TBQ,KPY,2022-05-22,2022-11-03,18:38:00,02:57:00,22,Twitterwire,Boeing 737
6801,TDG,NGU,2022-03-21,2022-07-16,06:51:00,02:25:00,7,Quimba,Embraer E190
8290,PMO,LGX,2022-02-10,2022-11-28,08:35:00,15:42:00,11,Livetube,Airbus A320
4015,TSF,IMB,2022-12-17,2022-03-11,12:06:00,00:53:00,21,Flashpoint,Embraer E190
2896,VEY,MSR,2022-02-11,2022-07-11,09:39:00,22:45:00,17,Yozio,Airbus A320
3887,WSZ,RDD,2022-03-12,2022-08-20,12:24:00,06:33:00,5,Yozio,Boeing 737
8576,CST,CEX,2022-05-30,2022-01-13,22:40:00,04:58:00,21,Topicblab,Embraer E190
1279,CAV,KDZ,2022-04-19,2022-11-16,13:33:00,15:16:00,22,Oodoo,Boeing 737
2172,BYW,CNW,2022-06-21,2022-09-27,14:17:00,01:51:00,4,Jaxnation,Boeing 737
7059,BAY,YYR,2022-03-22,2022-08-17,19:50:00,10:12:00,24,Buzzbean,Boeing 737
7769,LTN,TBC,2022-11-10,2022-03-27,06:38:00,09:31:00,23,Topicblab,Airbus A320
2410,KRG,MEM,2022-11-10,2022-04-28,03:08:00,22:02:00,17,Yamia,Embraer E190
8476,WBC,IDR,2022-05-28,2022-05-06,01:51:00,01:40:00,6,Digitube,Embraer E190
721,KRD,RAW,2022-04-17,2022-09-30,09:45:00,00:31:00,16,Zooveo,Embraer E190
8652,JOG,JSA,2022-01-20,2022-01-21,09:37:00,07:10:00,24,Miboo,Airbus A320
8631,SOE,MNH,2022-07-28,2022-12-10,12:23:00,09:26:00,9,Buzzster,Embraer E190
2035,SWO,LIO,2022-06-19,2022-11-18,07:07:00,00:36:00,13,Linktype,Boeing 737
7637,NKB,HAL,2022-03-15,2022-03-11,08:23:00,20:20:00,4,Kwilith,Boeing 737
2458,CHA,GOC,2022-06-13,2022-07-05,04:06:00,12:49:00,14,Thoughtworks,Airbus A320
5190,AUV,PPS,2022-06-05,2022-05-15,06:18:00,03:02:00,14,Browsedrive,Embraer E190
191,LVI,CPA,2022-04-09,2022-01-11,00:19:00,09:11:00,21,Digitube,Boeing 737
9981,AYQ,MKB,2022-04-13,2022-08-26,19:26:00,20:34:00,7,Dabvine,Airbus A320
7683,VLR,CHB,2022-12-11,2022-03-02,06:23:00,17:41:00,7,DabZ,Embraer E190
4403,SXH,TWP,2022-10-12,2022-10-09,15:54:00,09:26:00,21,Tazzy,Embraer E190
7410,LEN,EVD,2022-02-11,2022-03-02,12:33:00,14:23:00,7,DabZ,Boeing 737
5959,MNK,MST,2022-01-20,2022-05-26,01:14:00,01:29:00,15,Demivee,Embraer E190
5246,PSL,HSP,2022-06-09,2022-03-13,02:02:00,00:31:00,18,Feednation,Boeing 737
6841,BMC,SCW,2022-06-06,2022-05-30,00:01:00,00:09:00,18,Babbleopia,Boeing 737
4919,TEL,SBT,2022-12-28,2022-04-09,08:59:00,00:35:00,6,Twitterbridge,Embraer E190
8311,TRO,YPC,2022-11-07,2022-10-31,20:42:00,07:17:00,7,Twitterworks,Boeing 737
9139,CCG,TDG,2022-11-02,2022-11-29,23:23:00,14:35:00,9,Photobug,Boeing 737
3263,BWC,CHS,2022-10-16,2022-05-04,11:56:00,00:21:00,9,Lazzy,Boeing 737
4022,CEG,BDA,2022-06-16,2022-03-02,11:13:00,13:31:00,18,Rhynoodle,Embraer E190
9341,LSX,WBW,2022-05-31,2022-05-19,18:17:00,05:30:00,11,Gigazoom,Airbus A320
1219,IAS,MGM,2022-09-26,2022-03-08,19:09:00,21:54:00,6,Feedmix,Boeing 737
2729,DTU,KIQ,2022-06-27,2022-09-03,02:51:00,06:55:00,9,Rhyloo,Boeing 737
9273,RHI,PRO,2022-03-09,2022-08-30,23:04:00,16:07:00,24,Meetz,Boeing 737
5625,GAV,WYA,2022-10-01,2022-12-11,06:18:00,21:44:00,16,Flipstorm,Boeing 737
5875,STU,QUB,2022-12-26,2022-02-02,01:21:00,06:18:00,19,Ntag,Boeing 737
5378,SJS,MCP,2022-11-17,2022-05-27,23:47:00,19:01:00,18,Brainbox,Boeing 737
7704,DFP,BLX,2022-05-13,2022-05-14,03:58:00,05:06:00,17,Teklist,Boeing 737
87,OSN,KEP,2022-06-22,2022-07-02,02:32:00,04:39:00,16,Abatz,Boeing 737
4081,DIK,ECA,2022-10-24,2022-04-24,22:32:00,10:12:00,19,Dynava,Boeing 737
2060,IXR,BER,2022-03-27,2022-07-06,13:24:00,13:33:00,14,Linklinks,Embraer E190
7128,KBH,ORZ,2022-02-16,2022-09-11,15:01:00,23:48:00,10,Yata,Embraer E190
24,RSL,SAG,2022-10-20,2022-04-16,05:52:00,04:18:00,6,Mynte,Airbus A320
626,BJJ,MYS,2022-06-09,2022-11-30,16:57:00,05:44:00,1,Voonte,Boeing 737
1805,TON,HNE,2022-07-18,2022-08-03,18:06:00,09:45:00,18,Fanoodle,Embraer E190
5990,CPX,NSB,2022-01-27,2022-08-05,10:09:00,07:33:00,9,Kwinu,Embraer E190
3828,FSP,SIF,2022-02-15,2022-02-04,09:58:00,00:49:00,20,Jabbercube,Airbus A320
2441,AGL,OZA,2022-04-14,2022-02-17,07:09:00,15:53:00,19,Katz,Embraer E190
8653,PYE,CZO,2022-07-26,2022-05-20,02:03:00,10:33:00,14,Rhynoodle,Embraer E190
2725,FFM,BIZ,2022-03-17,2022-06-07,09:11:00,01:35:00,16,Trilith,Boeing 737
2658,HFN,MAF,2022-01-24,2022-11-24,19:14:00,01:11:00,17,Yodoo,Airbus A320
1681,BWG,TFI,2022-04-24,2022-03-29,14:42:00,04:36:00,1,Meetz,Embraer E190
5300,WNN,OHS,2022-03-05,2022-10-11,18:59:00,11:17:00,6,Ainyx,Airbus A320
1186,ZIH,FRJ,2022-10-03,2022-12-17,12:01:00,10:27:00,15,Edgeify,Embraer E190
4767,ENH,TOX,2022-10-28,2022-07-16,00:05:00,16:05:00,1,Gabtype,Boeing 737
2637,NRM,VIR,2022-09-15,2022-01-14,13:34:00,03:10:00,8,Tazz,Airbus A320
3895,OCE,BYA,2022-11-25,2022-12-06,02:34:00,08:51:00,7,Flashpoint,Airbus A320
85,IMF,GYM,2022-10-24,2022-01-28,07:43:00,07:52:00,2,Mydeo,Airbus A320
9417,BKJ,BOC,2022-05-23,2022-09-07,05:46:00,13:29:00,20,Skivee,Airbus A320
6209,ALQ,SCQ,2022-09-04,2022-12-21,06:12:00,07:03:00,22,Bubblebox,Airbus A320
900,TSE,BMD,2022-11-08,2022-10-03,14:29:00,21:32:00,19,Thoughtstorm,Airbus A320
7972,USL,KCI,2022-11-23,2022-06-03,04:22:00,01:26:00,12,InnoZ,Airbus A320
1171,GJM,NVP,2022-01-27,2022-08-09,15:21:00,06:26:00,1,Vimbo,Embraer E190
4817,BBK,TCB,2022-11-25,2022-07-20,13:38:00,10:27:00,20,Browsecat,Embraer E190
2775,KCZ,OMS,2022-01-29,2022-06-04,01:38:00,20:48:00,16,Gigazoom,Embraer E190
4513,XIE,HPR,2022-12-19,2022-12-19,12:10:00,20:10:00,22,Skibox,Embraer E190
2485,DCG,LJA,2022-11-22,2022-09-04,20:27:00,07:33:00,18,Mycat,Embraer E190
853,ICT,ESK,2022-12-21,2022-03-26,11:06:00,17:16:00,1,Babbleopia,Boeing 737
5586,NLL,PUS,2022-01-21,2022-06-28,15:54:00,09:21:00,5,Zoonder,Embraer E190
1506,MWC,CYA,2022-02-15,2022-08-04,08:20:00,05:11:00,6,Vinder,Airbus A320
6649,KTF,RPM,2022-06-29,2022-11-22,23:04:00,22:35:00,6,Realpoint,Embraer E190
3032,CMD,VXO,2022-01-22,2022-12-17,16:08:00,21:51:00,1,Mita,Embraer E190
4750,BGN,PZU,2022-06-28,2022-04-06,04:15:00,18:32:00,13,Yodo,Airbus A320
4013,LVP,XNT,2022-07-13,2022-02-11,00:10:00,04:37:00,9,Cogibox,Embraer E190
2405,BEW,LLU,2022-05-07,2022-09-23,10:39:00,01:53:00,3,Mybuzz,Airbus A320
4475,IBA,FTK,2022-07-21,2022-06-07,05:08:00,12:47:00,12,Twitternation,Airbus A320
3414,KTQ,TLN,2022-09-04,2022-05-01,21:13:00,22:20:00,23,Skinix,Airbus A320
8056,KLD,FRJ,2022-09-19,2022-08-03,02:52:00,07:13:00,8,Eare,Embraer E190
4016,COK,BWP,2022-12-17,2022-09-07,01:49:00,12:03:00,11,JumpXS,Airbus A320
6612,FPO,VXE,2022-11-15,2022-03-05,17:37:00,23:39:00,19,Devify,Embraer E190
6545,FXY,AGR,2022-10-08,2022-01-07,03:59:00,20:17:00,7,Vinte,Airbus A320
4605,TNI,CZL,2022-03-02,2022-10-06,09:47:00,00:16:00,22,Linklinks,Embraer E190
5988,PIW,THK,2022-06-28,2022-01-01,11:51:00,11:11:00,18,Feedspan,Boeing 737
1108,JKL,LYP,2022-02-06,2022-02-23,13:55:00,23:47:00,21,Ooba,Boeing 737
5357,NEK,RFS,2022-12-03,2022-12-09,15:38:00,08:06:00,24,Yotz,Airbus A320
4782,VSG,IKI,2022-06-19,2022-11-03,22:29:00,02:36:00,12,Zoomdog,Boeing 737
8435,NGE,HVK,2022-06-27,2022-09-09,17:02:00,00:05:00,8,Wordware,Airbus A320
6867,ERA,SPI,2022-05-29,2022-07-10,16:09:00,12:29:00,12,Eare,Embraer E190
5228,TBK,MUP,2022-07-18,2022-05-13,02:50:00,09:59:00,21,Jetpulse,Boeing 737
3450,QOA,LUN,2022-09-01,2022-10-02,17:35:00,18:23:00,1,Jamia,Boeing 737
6688,LKC,XMY,2022-02-28,2022-08-10,03:39:00,04:48:00,11,Flipopia,Embraer E190
8908,KNQ,RNE,2022-11-19,2022-01-15,18:01:00,04:44:00,2,Jabbertype,Embraer E190
7186,MHN,MQZ,2022-04-20,2022-02-02,10:23:00,06:10:00,14,Bluejam,Embraer E190
9980,MAO,CGZ,2022-08-28,2022-11-27,20:47:00,12:09:00,16,Trunyx,Boeing 737
7314,PHI,XTR,2022-03-19,2022-06-21,14:54:00,11:00:00,1,Youfeed,Airbus A320
4855,XSO,SAS,2022-11-25,2022-11-28,21:29:00,21:32:00,14,Yambee,Embraer E190
2386,UKG,BVG,2022-01-10,2022-05-24,15:51:00,12:54:00,13,Wikizz,Embraer E190
8365,JPR,ILK,2022-08-30,2022-09-21,01:17:00,04:35:00,6,Skipfire,Embraer E190
8435,LRG,LIZ,2022-05-26,2022-02-27,23:13:00,19:38:00,7,Realbuzz,Embraer E190
9397,VJI,SUT,2022-12-06,2022-10-16,23:05:00,06:52:00,6,Buzzdog,Embraer E190
6114,PVZ,LOI,2022-07-01,2022-04-17,12:08:00,16:54:00,15,Leenti,Embraer E190
8949,CNA,KZG,2022-07-30,2022-11-03,04:43:00,12:09:00,5,Jabbersphere,Embraer E190
870,WMD,XBE,2022-03-01,2022-07-14,19:36:00,22:05:00,18,Devcast,Airbus A320
8881,CHP,VBP,2022-11-28,2022-01-13,16:38:00,14:54:00,6,Plambee,Airbus A320
8332,AFN,CVM,2022-03-30,2022-11-04,17:43:00,11:19:00,5,Linkbuzz,Airbus A320
151,PPJ,PTF,2022-08-17,2022-11-26,07:10:00,14:35:00,9,Yakijo,Airbus A320
8629,RMD,LBL,2022-12-16,2022-09-20,16:15:00,23:50:00,20,Twitterbridge,Embraer E190
4714,WGN,SXL,2022-12-03,2022-06-05,13:10:00,04:03:00,5,Brainbox,Airbus A320
2791,AEI,NDU,2022-05-24,2022-09-16,04:10:00,09:28:00,19,Gabvine,Airbus A320
5113,BCH,CUF,2022-01-22,2022-08-19,14:02:00,14:17:00,21,Ozu,Airbus A320
1222,DJB,YKE,2022-03-23,2022-07-05,02:46:00,00:14:00,23,Skidoo,Airbus A320
8976,HRL,OGX,2022-01-10,2022-04-24,11:07:00,11:35:00,6,Pixope,Boeing 737
6861,TJL,PAM,2022-10-15,2022-04-07,06:49:00,14:34:00,6,Oodoo,Airbus A320
8307,YNB,ZFD,2022-02-21,2022-03-10,15:56:00,19:14:00,19,Bluezoom,Boeing 737
7843,HZG,LWM,2022-11-15,2022-12-21,19:07:00,09:31:00,7,Blognation,Boeing 737
2610,DZI,"0",2022-04-14,2022-03-17,13:41:00,06:38:00,1,Eare,Boeing 737
5998,WAC,HOO,2022-05-08,2022-12-06,16:24:00,08:09:00,15,Trupe,Embraer E190
7199,CEO,SZA,2022-08-11,2022-07-31,23:45:00,18:13:00,12,Tagpad,Boeing 737
9972,SQH,NUE,2022-03-07,2022-02-18,06:32:00,21:34:00,20,Riffpedia,Boeing 737
3910,SVI,AMK,2022-04-14,2022-07-13,15:35:00,22:55:00,24,Browseblab,Airbus A320
1226,MDD,VHV,2022-12-22,2022-04-21,01:03:00,20:22:00,20,Mita,Airbus A320
263,ATX,PRV,2022-10-08,2022-10-18,00:35:00,07:38:00,2,Tagchat,Embraer E190
9335,HUB,VDA,2022-12-28,2022-10-20,16:07:00,23:53:00,23,Yozio,Embraer E190
2657,ZSW,"0",2022-10-18,2022-09-28,18:14:00,03:30:00,12,Gabcube,Boeing 737
248,ELS,CWR,2022-08-06,2022-04-09,10:44:00,20:42:00,15,Edgeclub,Embraer E190
5514,PIB,ALI,2022-02-24,2022-10-03,07:28:00,02:32:00,24,Edgepulse,Boeing 737
4294,HCM,BRC,2022-10-26,2022-11-20,20:15:00,01:47:00,10,Vipe,Embraer E190
3454,SNM,MXC,2022-03-22,2022-01-25,06:38:00,11:23:00,24,Talane,Embraer E190
9441,NOO,MOF,2022-05-10,2022-02-02,13:00:00,20:30:00,1,Edgepulse,Airbus A320
8322,NSV,CVR,2022-07-15,2022-11-08,08:14:00,13:21:00,18,Eire,Airbus A320
1877,OYG,YAJ,2022-01-02,2022-07-05,06:28:00,22:03:00,21,Bubbletube,Boeing 737
9508,SRT,KIE,2022-07-01,2022-03-02,13:16:00,06:07:00,21,Flashdog,Airbus A320
8830,SEU,ZQL,2022-07-23,2022-05-10,08:30:00,20:48:00,19,Quaxo,Embraer E190
5689,SRY,KKO,2022-03-08,2022-05-04,06:30:00,19:23:00,8,Browsedrive,Boeing 737
5981,YCD,BNV,2022-10-12,2022-05-10,02:42:00,13:06:00,10,Yadel,Airbus A320
7311,TOH,LGD,2022-12-25,2022-06-12,01:58:00,04:50:00,21,Tavu,Boeing 737
1343,YDC,VXC,2022-03-02,2022-03-23,12:38:00,14:58:00,2,Teklist,Embraer E190
642,AFL,LMO,2022-02-19,2022-10-26,13:24:00,12:05:00,16,Jaxnation,Airbus A320
9486,MYL,AUV,2022-05-14,2022-12-01,21:04:00,12:13:00,19,Camido,Boeing 737
14,ADQ,GLR,2022-06-01,2022-06-16,07:18:00,06:53:00,17,Centizu,Airbus A320
7954,KAP,IHU,2022-11-15,2022-11-20,18:16:00,01:09:00,6,Zoomzone,Boeing 737
3648,JSR,SIO,2022-11-07,2022-12-01,13:59:00,20:13:00,12,Shuffletag,Boeing 737
3858,AQP,JUA,2022-12-06,2022-12-01,02:00:00,09:13:00,12,Rhybox,Airbus A320
3175,XPL,BXT,2022-12-07,2022-08-12,19:49:00,18:21:00,20,Yozio,Airbus A320
477,WYA,BJW,2022-05-21,2022-05-21,14:15:00,19:02:00,15,Skippad,Embraer E190
165,AUQ,ZCL,2022-08-29,2022-04-11,14:58:00,22:49:00,12,Leexo,Boeing 737
9768,GDO,AUW,2022-06-21,2022-01-14,06:47:00,15:33:00,16,Eadel,Boeing 737
8177,BMF,DTA,2022-09-01,2022-02-06,08:07:00,12:24:00,17,Kazio,Airbus A320
8541,NPA,NVG,2022-12-03,2022-02-28,10:05:00,14:23:00,12,Blogspan,Embraer E190
2156,YCF,GSP,2022-05-02,2022-04-26,11:03:00,02:27:00,23,Gevee,Boeing 737
234,ONB,SNS,2022-12-17,2022-02-17,15:33:00,16:47:00,4,Cogibox,Embraer E190
469,ZYI,BKY,2022-07-18,2022-05-12,13:53:00,16:19:00,22,Shufflester,Airbus A320
1317,EKB,VLU,2022-11-05,2022-04-02,13:55:00,11:07:00,11,Pixope,Embraer E190
4116,ZAG,STF,2022-12-15,2022-03-17,10:45:00,18:34:00,6,Buzzster,Embraer E190
7611,BYO,MEN,2022-07-18,2022-07-30,06:42:00,11:22:00,5,Snaptags,Embraer E190
6798,PDB,FRM,2022-05-03,2022-03-07,12:56:00,20:35:00,12,Bluezoom,Airbus A320
3714,BSN,IRE,2022-05-02,2022-05-17,04:40:00,21:23:00,16,Livetube,Boeing 737
3955,VDR,GDN,2022-04-02,2022-02-27,22:06:00,14:22:00,7,Flashpoint,Boeing 737
4715,KBQ,ZHY,2022-05-27,2022-06-13,21:38:00,23:19:00,19,Gabcube,Boeing 737
2587,LYK,YPY,2022-03-22,2022-01-12,05:42:00,23:30:00,11,Oyope,Boeing 737
3971,NKY,MZA,2022-08-11,2022-05-05,10:25:00,04:08:00,10,Meetz,Embraer E190
3337,YMS,PSM,2022-08-12,2022-07-24,17:35:00,12:56:00,22,Topiczoom,Airbus A320
4890,OMC,SCP,2022-01-15,2022-06-24,13:49:00,06:45:00,11,Linkbuzz,Airbus A320
1369,DEE,HNA,2022-09-12,2022-07-03,19:14:00,02:24:00,18,Voomm,Airbus A320
3577,KHH,WJU,2022-07-16,2022-09-01,17:59:00,06:46:00,9,Edgeblab,Embraer E190
8998,LZH,OMH,2022-05-22,2022-10-07,10:24:00,20:16:00,21,Zooxo,Embraer E190
9057,SEA,IMQ,2022-07-06,2022-05-04,21:49:00,00:01:00,15,Skipfire,Airbus A320
513,DAC,KSL,2022-11-11,2022-12-13,19:18:00,23:32:00,23,Eare,Boeing 737
526,KBM,HWO,2022-08-26,2022-06-04,12:44:00,04:18:00,21,Twimm,Embraer E190
4943,EMO,YVO,2022-05-04,2022-06-01,09:24:00,09:19:00,8,Fanoodle,Embraer E190
9034,IPE,ARP,2022-09-22,2022-02-28,10:19:00,21:01:00,5,Ozu,Airbus A320
2677,MJJ,TRQ,2022-07-11,2022-11-20,01:26:00,07:07:00,21,Vinder,Embraer E190
9101,GLA,BDX,2022-08-23,2022-12-01,20:54:00,23:41:00,13,Topiczoom,Embraer E190
2415,WYE,YBP,2022-08-29,2022-08-25,11:58:00,09:58:00,8,Rhybox,Boeing 737
9255,IRB,EGV,2022-12-18,2022-12-11,06:10:00,23:28:00,24,Thoughtstorm,Embraer E190
3112,PWM,BOM,2022-08-19,2022-03-16,04:40:00,00:48:00,12,Fivebridge,Boeing 737
6768,FRY,LST,2022-02-21,2022-09-30,07:45:00,11:38:00,13,Voolith,Airbus A320
1703,AHZ,DQM,2022-03-30,2022-05-18,20:23:00,01:47:00,14,Jabberstorm,Embraer E190
8908,FYV,JCT,2022-03-31,2022-01-15,11:15:00,13:42:00,20,Myworks,Embraer E190
420,BKH,OYN,2022-06-06,2022-11-03,09:47:00,19:27:00,18,Feedfire,Embraer E190
6445,"0",DBA,2022-02-27,2022-02-25,13:35:00,13:04:00,4,Dabshots,Boeing 737
5499,CAB,YYN,2022-06-03,2022-09-01,04:00:00,06:02:00,2,Kwilith,Boeing 737
2394,DAO,HUD,2022-07-25,2022-06-09,19:50:00,11:23:00,1,Midel,Embraer E190
7713,WBQ,JAC,2022-09-28,2022-01-07,17:28:00,23:47:00,13,Jaxnation,Airbus A320
556,LCF,THO,2022-09-26,2022-11-23,01:51:00,10:11:00,4,Kwideo,Airbus A320
8237,AOR,UYL,2022-11-21,2022-07-18,19:41:00,16:53:00,17,Podcat,Boeing 737
7637,MSJ,MRM,2022-08-18,2022-10-13,07:29:00,10:00:00,15,Eimbee,Airbus A320
2525,"0",YDG,2022-08-11,2022-06-12,00:10:00,05:55:00,21,Gabspot,Embraer E190
6757,AJL,IAA,2022-07-23,2022-01-31,03:51:00,09:02:00,8,Browseblab,Boeing 737
5024,OIC,EMA,2022-01-29,2022-07-17,21:26:00,02:02:00,14,Jaxspan,Embraer E190
7338,KEF,TJI,2022-11-06,2022-08-17,06:25:00,01:25:00,23,Kanoodle,Boeing 737
8,SUX,AYG,2022-01-01,2022-12-19,07:43:00,05:51:00,11,Flashset,Boeing 737
5893,TGU,KRT,2022-09-13,2022-04-18,06:02:00,05:57:00,14,Yodo,Airbus A320
2802,"0",HSZ,2022-04-01,2022-02-26,19:41:00,07:21:00,22,Zazio,Embraer E190
8493,WVL,SHQ,2022-09-28,2022-07-30,15:52:00,02:41:00,22,Abata,Embraer E190
7900,MUT,ENN,2022-06-24,2022-11-01,02:51:00,05:39:00,2,Skimia,Airbus A320
3364,SYC,SYI,2022-05-18,2022-11-15,13:10:00,13:27:00,14,Mycat,Embraer E190
8949,CKU,MGK,2022-08-11,2022-10-22,18:29:00,12:48:00,19,Podcat,Embraer E190
8358,XSC,JDG,2022-05-10,2022-10-26,01:44:00,02:06:00,19,Trunyx,Boeing 737
6417,EXI,MFZ,2022-05-29,2022-12-10,14:16:00,20:05:00,6,Lazz,Airbus A320
3256,RUU,UTU,2022-07-10,2022-08-28,16:05:00,23:23:00,6,Wikivu,Boeing 737
7789,BVS,LDN,2022-05-06,2022-07-31,02:18:00,06:28:00,21,Minyx,Boeing 737
1006,FSI,KYO,2022-03-29,2022-08-23,11:47:00,00:00:00,17,Jabbertype,Airbus A320
2886,WMX,MCA,2022-01-25,2022-10-25,00:31:00,22:20:00,8,Youbridge,Boeing 737
2171,MTH,EMS,2022-08-15,2022-05-05,19:15:00,01:04:00,20,Snaptags,Airbus A320
8518,LCL,LUS,2022-10-21,2022-01-12,08:49:00,08:47:00,22,Mycat,Boeing 737
7977,JJG,AND,2022-04-09,2022-08-19,08:13:00,05:12:00,3,Quinu,Boeing 737
4978,SXW,FKJ,2022-12-01,2022-02-22,15:29:00,21:33:00,14,Flashspan,Embraer E190
1028,PRA,ATA,2022-01-18,2022-07-02,16:30:00,15:20:00,18,Zazio,Embraer E190
9558,FOY,VTE,2022-06-16,2022-09-22,14:49:00,13:17:00,21,Twinte,Boeing 737
4079,LIC,CYS,2022-02-25,2022-07-15,07:37:00,13:01:00,23,Mynte,Embraer E190
1732,GEF,YSU,2022-07-23,2022-08-26,03:57:00,01:59:00,19,Babbleset,Airbus A320
8974,VUU,UBP,2022-04-01,2022-01-10,14:23:00,15:42:00,19,Eabox,Airbus A320
4106,DIQ,BNY,2022-10-01,2022-01-17,03:51:00,07:14:00,8,Gabvine,Boeing 737
5869,MXZ,MOG,2022-08-06,2022-02-01,00:09:00,04:47:00,20,Skaboo,Airbus A320
5470,SHA,TSH,2022-02-25,2022-12-10,04:26:00,11:08:00,24,Zoomlounge,Embraer E190
5990,YWR,PGX,2022-04-15,2022-05-28,08:39:00,02:58:00,17,Brainsphere,Boeing 737
9817,QUB,RHT,2022-10-31,2022-09-20,01:51:00,10:53:00,7,Mybuzz,Boeing 737
5267,ODR,MYC,2022-06-08,2022-08-03,07:29:00,18:01:00,18,Demivee,Airbus A320
4591,AWK,TQQ,2022-10-23,2022-10-02,17:31:00,09:01:00,11,Edgeclub,Airbus A320
1588,NVT,QLP,2022-05-30,2022-02-07,15:12:00,02:41:00,7,Fadeo,Boeing 737
2579,GBD,WID,2022-08-06,2022-06-27,08:07:00,22:51:00,13,Realblab,Airbus A320
5394,YYI,PHW,2022-02-04,2022-07-17,11:30:00,15:08:00,16,Blogtags,Embraer E190
5858,PMW,YQD,2022-01-07,2022-05-26,18:01:00,00:52:00,8,Mita,Embraer E190
8031,TJK,AWE,2022-05-18,2022-11-17,05:29:00,07:52:00,19,Plambee,Airbus A320
7571,TXU,DTE,2022-12-21,2022-04-10,12:25:00,04:17:00,15,Rhynyx,Airbus A320
7045,BFL,DZN,2022-03-14,2022-01-21,08:30:00,13:28:00,3,Shuffletag,Airbus A320
4906,DHA,KWB,2022-06-10,2022-01-09,04:48:00,00:04:00,9,Yodo,Airbus A320
4826,MGL,MUP,2022-06-19,2022-03-29,01:20:00,14:37:00,14,Fivechat,Boeing 737
7253,LUU,SUT,2022-03-31,2022-09-05,11:14:00,11:00:00,4,Linktype,Boeing 737
677,AXK,HRZ,2022-02-23,2022-05-03,08:43:00,23:20:00,8,Eazzy,Embraer E190
6405,GSJ,NRG,2022-06-09,2022-04-07,20:10:00,00:39:00,13,Topicblab,Airbus A320
1154,TLT,BYV,2022-04-29,2022-01-01,11:53:00,01:57:00,16,Plambee,Boeing 737
679,MCY,CYX,2022-08-03,2022-03-07,14:38:00,18:54:00,9,Agimba,Boeing 737
5665,HAX,BMQ,2022-08-02,2022-03-12,03:47:00,00:11:00,10,Fivebridge,Embraer E190
9830,FLN,NNU,2022-10-31,2022-02-19,22:09:00,04:49:00,18,Kare,Airbus A320
1219,CNB,PCG,2022-08-26,2022-04-07,17:28:00,14:28:00,20,Roombo,Embraer E190
1032,BJD,YAJ,2022-06-25,2022-01-08,18:07:00,10:28:00,24,Meemm,Embraer E190
6459,SIO,GCD,2022-02-28,2022-04-27,06:09:00,07:01:00,22,Gabtune,Airbus A320
4739,GAD,NOR,2022-01-10,2022-11-30,21:48:00,03:10:00,1,Flipstorm,Airbus A320
7074,BTA,ULP,2022-01-31,2022-01-30,02:09:00,19:54:00,14,Kwilith,Airbus A320
3417,YDB,NPL,2022-12-01,2022-03-05,17:14:00,19:10:00,17,Skyble,Embraer E190
9613,PPL,IIA,2022-01-09,2022-03-26,21:17:00,03:46:00,21,Bubblemix,Airbus A320
5587,ZBR,PSL,2022-02-12,2022-11-09,05:14:00,17:20:00,13,Bubblebox,Boeing 737
9864,RCY,ACC,2022-12-20,2022-10-25,02:56:00,12:05:00,5,Skinix,Embraer E190
5568,HMY,BIE,2022-01-19,2022-02-04,20:34:00,12:45:00,5,Yakidoo,Embraer E190
9220,BZB,PID,2022-06-10,2022-02-07,01:39:00,14:56:00,7,Thoughtstorm,Airbus A320
3158,SCK,SEZ,2022-08-01,2022-09-18,01:17:00,04:08:00,15,Jayo,Airbus A320
130,SHI,WAY,2022-07-11,2022-06-19,21:29:00,16:53:00,19,Avamm,Boeing 737
7342,HAH,CFH,2022-02-12,2022-04-05,16:15:00,11:18:00,6,Yadel,Boeing 737
3586,QRF,INC,2022-12-25,2022-11-05,23:36:00,13:44:00,4,Oyondu,Embraer E190
9112,BVE,ASV,2022-09-23,2022-06-09,14:42:00,11:04:00,8,Yodoo,Boeing 737
3531,SRQ,TSA,2022-10-16,2022-09-28,18:17:00,23:24:00,7,Katz,Embraer E190
5581,LEF,CTC,2022-03-02,2022-11-16,21:16:00,13:34:00,20,Dabvine,Airbus A320
7325,YFB,ELG,2022-01-06,2022-04-09,14:29:00,04:34:00,5,Trunyx,Embraer E190
9531,SNC,FRB,2022-01-03,2022-06-05,13:59:00,02:04:00,19,InnoZ,Airbus A320
6164,NAK,TCP,2022-03-09,2022-06-29,09:40:00,22:43:00,13,Livefish,Boeing 737
8173,PAA,LXU,2022-02-07,2022-03-25,17:54:00,16:20:00,14,Blogspan,Boeing 737
8202,CMD,AUF,2022-09-30,2022-12-17,00:54:00,10:10:00,8,Muxo,Embraer E190
5913,BAA,GAR,2022-05-14,2022-10-15,22:02:00,20:10:00,5,Skivee,Embraer E190
5872,RJI,MMB,2022-03-15,2022-01-30,04:41:00,12:58:00,8,Cogilith,Embraer E190
9989,OTV,QOQ,2022-05-30,2022-10-18,01:39:00,04:29:00,3,Jayo,Embraer E190
9989,OBU,WID,2022-04-27,2022-09-08,00:03:00,06:11:00,6,Jaxworks,Airbus A320
1952,BCW,SAN,2022-05-27,2022-07-31,11:58:00,21:52:00,14,Zoombox,Boeing 737
6776,DJH,IDK,2022-07-18,2022-07-05,09:33:00,02:10:00,6,Eire,Boeing 737
685,LTI,SSR,2022-01-08,2022-05-06,14:42:00,20:29:00,14,Viva,Airbus A320
4617,KOA,BNU,2022-10-21,2022-10-08,11:58:00,12:18:00,15,Wikizz,Airbus A320
3169,RNC,UGC,2022-11-02,2022-10-25,03:21:00,18:24:00,15,Lajo,Boeing 737
7837,NCO,APC,2022-02-10,2022-11-20,21:01:00,13:44:00,1,JumpXS,Embraer E190
8879,BKG,MHW,2022-08-30,2022-03-20,14:12:00,11:13:00,20,Jaxnation,Airbus A320
711,SCW,GMP,2022-10-04,2022-04-13,12:52:00,10:46:00,4,Youbridge,Embraer E190
2271,ALH,ELI,2022-06-09,2022-09-06,06:49:00,08:31:00,14,Jetpulse,Embraer E190
4416,MDR,BWI,2022-05-03,2022-03-30,14:37:00,11:30:00,20,Youfeed,Boeing 737
9854,KMC,JAF,2022-03-28,2022-09-28,03:56:00,19:40:00,8,Jabbercube,Embraer E190
4196,YEV,FTK,2022-02-14,2022-10-24,17:47:00,13:02:00,18,Ozu,Boeing 737
9895,TUT,BOI,2022-01-02,2022-01-28,07:42:00,07:49:00,13,Demimbu,Airbus A320
6375,BHF,ULA,2022-10-08,2022-07-27,16:54:00,04:58:00,12,Tambee,Boeing 737
7358,WVI,MUK,2022-07-15,2022-05-14,13:06:00,07:13:00,18,LiveZ,Boeing 737
5234,LHK,LDG,2022-08-09,2022-05-06,00:12:00,21:51:00,11,Brainlounge,Embraer E190
2121,DUC,SLE,2022-02-12,2022-09-19,00:31:00,19:49:00,1,Ooba,Airbus A320
3087,AAI,HET,2022-07-28,2022-01-19,01:47:00,18:12:00,8,Yadel,Embraer E190
2385,RUM,MOV,2022-05-31,2022-05-26,06:03:00,00:07:00,17,Gabvine,Airbus A320
7679,VTU,JOP,2022-06-25,2022-10-29,21:44:00,02:46:00,6,Tagchat,Embraer E190
2867,WUH,AQB,2022-01-02,2022-09-09,04:52:00,16:02:00,2,Skaboo,Embraer E190
7631,TNU,SUW,2022-02-18,2022-02-17,23:15:00,05:09:00,4,Voolith,Airbus A320
7508,GLO,ZAZ,2022-06-19,2022-01-06,12:22:00,12:54:00,16,Jaxnation,Embraer E190
4823,ERZ,WAZ,2022-10-11,2022-04-15,17:28:00,22:02:00,8,Geba,Airbus A320
8835,ABH,SQF,2022-04-20,2022-11-06,21:05:00,03:45:00,20,Yata,Airbus A320
4793,YZZ,SDK,2022-12-28,2022-05-22,21:18:00,00:26:00,6,Ooba,Airbus A320
1583,SPN,KGE,2022-01-05,2022-05-05,22:46:00,09:34:00,18,Gabvine,Boeing 737
9131,UFA,MEM,2022-10-09,2022-04-17,12:38:00,17:24:00,7,Ainyx,Airbus A320
2417,WAC,SIR,2022-10-15,2022-03-09,07:12:00,09:08:00,7,Feedspan,Airbus A320
7233,GBE,NRA,2022-05-20,2022-01-18,22:11:00,19:32:00,12,Wordware,Airbus A320
3127,PSM,UAQ,2022-08-21,2022-05-16,04:05:00,22:07:00,4,Edgepulse,Airbus A320
7775,CDC,"0",2022-07-19,2022-08-03,04:08:00,14:15:00,15,Realblab,Airbus A320
9733,CED,PWR,2022-12-30,2022-12-16,09:05:00,08:55:00,22,Zoomdog,Embraer E190
524,TSE,CFK,2022-05-22,2022-08-02,17:05:00,18:21:00,3,Plambee,Boeing 737
6051,PDB,DLE,2022-11-03,2022-07-09,09:50:00,22:22:00,16,Realfire,Embraer E190
712,ILH,BBO,2022-01-27,2022-01-05,04:30:00,19:53:00,7,Twiyo,Embraer E190
77,SZQ,ORX,2022-11-05,2022-11-30,04:38:00,04:16:00,24,Buzzdog,Boeing 737
9909,RBA,RPV,2022-11-16,2022-02-16,13:29:00,11:57:00,3,Rhynoodle,Embraer E190
4128,IWK,TIN,2022-10-08,2022-06-11,13:29:00,06:09:00,24,Linklinks,Embraer E190
82,YVZ,GZM,2022-04-01,2022-04-17,12:04:00,07:03:00,10,Dabshots,Embraer E190
997,YUX,EHL,2022-11-18,2022-08-16,16:51:00,11:38:00,12,Kanoodle,Embraer E190
170,BLE,OES,2022-10-02,2022-06-29,11:04:00,04:17:00,10,Linkbridge,Embraer E190
4809,FUO,SRF,2022-09-26,2022-02-12,13:13:00,22:23:00,15,Myworks,Boeing 737
9395,NEV,YZF,2022-02-12,2022-06-25,18:54:00,21:42:00,10,Eare,Embraer E190
936,ARJ,MXJ,2022-11-24,2022-10-29,10:47:00,13:57:00,21,Jazzy,Airbus A320
8687,MXS,OSO,2022-08-25,2022-10-22,22:25:00,03:28:00,23,Devify,Airbus A320
7871,NHF,CVB,2022-02-28,2022-04-17,17:39:00,23:12:00,4,Midel,Airbus A320
7042,BNA,COK,2022-02-07,2022-11-28,23:16:00,15:24:00,18,Twimm,Embraer E190
7992,KCM,CLQ,2022-07-26,2022-06-14,18:48:00,14:05:00,22,Wikizz,Embraer E190
4013,PEC,CEW,2022-04-02,2022-09-10,13:08:00,09:09:00,22,Roodel,Boeing 737
5440,DRN,ETL,2022-03-01,2022-07-25,15:23:00,10:16:00,24,Zava,Embraer E190
9570,AMD,MXX,2022-09-18,2022-08-08,01:33:00,09:14:00,3,DabZ,Boeing 737
9549,CDT,SSA,2022-08-14,2022-01-10,12:32:00,20:01:00,4,Wordtune,Embraer E190
4025,MXW,VUS,2022-02-10,2022-02-04,22:01:00,15:06:00,2,Wordpedia,Boeing 737
6837,CMM,SKR,2022-10-03,2022-04-08,17:54:00,06:04:00,23,Buzzdog,Airbus A320
795,YSA,YPH,2022-02-05,2022-07-16,02:01:00,01:11:00,10,Linkbridge,Embraer E190
2626,DEM,"0",2022-02-15,2022-05-01,04:46:00,08:21:00,17,Eayo,Embraer E190
8365,KAL,WGN,2022-08-01,2022-11-03,21:55:00,06:32:00,20,Camimbo,Airbus A320
448,PYC,OYA,2022-05-27,2022-02-17,13:37:00,15:09:00,12,Gigabox,Boeing 737
9079,GIB,RHV,2022-03-22,2022-12-24,21:54:00,04:37:00,8,Digitube,Boeing 737
1081,URM,IKT,2022-02-26,2022-02-12,13:15:00,03:25:00,4,Reallinks,Boeing 737
4979,SKI,PRC,2022-12-29,2022-04-05,21:21:00,02:20:00,12,Yombu,Embraer E190
6283,UUA,PQM,2022-11-28,2022-10-23,05:54:00,14:24:00,17,Buzzdog,Boeing 737
9552,TLX,WOW,2022-10-22,2022-12-11,20:54:00,21:33:00,17,Photospace,Embraer E190
956,CSQ,AKA,2022-11-20,2022-11-02,10:46:00,09:26:00,10,Roodel,Embraer E190
7453,SFK,SPG,2022-08-31,2022-08-18,09:22:00,22:25:00,18,Skibox,Airbus A320
1865,OGM,KAX,2022-02-21,2022-04-22,19:29:00,15:28:00,14,Blognation,Embraer E190
8190,SYN,NEF,2022-10-01,2022-10-09,10:13:00,06:13:00,1,InnoZ,Boeing 737
4290,TLW,LML,2022-07-15,2022-08-15,10:41:00,06:04:00,15,Browsetype,Boeing 737
4796,MJB,YNT,2022-08-31,2022-09-10,13:01:00,12:01:00,12,Eabox,Boeing 737
2439,"0",CKD,2022-01-04,2022-10-24,16:43:00,01:27:00,10,Yambee,Boeing 737
3302,ZSJ,CML,2022-02-20,2022-04-02,10:19:00,08:35:00,23,Skinte,Airbus A320
3024,SKE,BYQ,2022-03-29,2022-02-03,01:00:00,05:42:00,4,BlogXS,Embraer E190
760,DQM,PTT,2022-03-22,2022-03-15,10:50:00,19:01:00,23,Twitterwire,Embraer E190
5917,HLZ,BBQ,2022-06-03,2022-09-17,04:09:00,20:01:00,3,Lazz,Airbus A320
8280,LBN,LDV,2022-03-20,2022-08-25,08:02:00,19:32:00,2,Babblestorm,Embraer E190
5826,SRX,CXJ,2022-01-11,2022-07-27,07:03:00,23:29:00,9,Devify,Airbus A320
3803,WOT,HHR,2022-08-30,2022-07-10,16:20:00,11:48:00,14,Camido,Embraer E190
8719,YIB,HAI,2022-11-19,2022-03-15,09:46:00,22:09:00,24,Trudeo,Embraer E190
6409,RLO,REY,2022-07-26,2022-08-06,23:27:00,19:17:00,5,Meevee,Airbus A320
4970,AVI,ZOS,2022-06-22,2022-08-25,20:52:00,13:09:00,22,Brightbean,Boeing 737
9117,GBZ,YME,2022-06-21,2022-01-20,19:26:00,14:31:00,20,Devify,Embraer E190
1245,DHN,MNL,2022-09-10,2022-07-08,02:00:00,06:48:00,7,Linktype,Airbus A320
3435,BHN,"0",2022-07-18,2022-08-30,10:06:00,08:08:00,4,Thoughtworks,Airbus A320
4328,BMP,MWE,2022-12-21,2022-08-10,23:44:00,02:38:00,12,Twinte,Embraer E190
9003,TOA,CAI,2022-10-09,2022-11-17,06:19:00,16:26:00,1,Meevee,Boeing 737
5700,PPG,SXH,2022-12-13,2022-01-11,00:38:00,00:43:00,15,Youfeed,Embraer E190
425,HMR,MTR,2022-03-02,2022-10-20,21:01:00,21:13:00,17,Skinix,Embraer E190
6035,SOU,CED,2022-11-01,2022-08-02,14:05:00,19:53:00,3,Skajo,Airbus A320
3393,ZZV,POC,2022-06-03,2022-03-15,20:54:00,08:25:00,12,Devpulse,Embraer E190
3472,NTR,IDR,2022-03-27,2022-07-25,20:17:00,03:45:00,18,Buzzshare,Airbus A320
7876,RTN,MOV,2022-02-26,2022-08-13,15:42:00,12:11:00,11,Mymm,Airbus A320
7409,AHN,AET,2022-02-25,2022-06-01,17:46:00,01:05:00,10,Buzzbean,Airbus A320
735,TCO,ZQW,2022-10-11,2022-08-12,08:51:00,00:28:00,12,Meevee,Boeing 737
6996,LMM,MCC,2022-02-17,2022-02-26,13:35:00,18:25:00,9,Quaxo,Boeing 737
5673,LBO,TIQ,2022-10-24,2022-05-07,09:02:00,18:47:00,16,Layo,Embraer E190
8735,ICS,MAQ,2022-11-25,2022-01-09,03:57:00,19:03:00,10,Mynte,Embraer E190
2742,"0",UMA,2022-01-22,2022-05-10,12:47:00,06:34:00,1,Gabtype,Airbus A320
2327,UTN,DPO,2022-01-04,2022-08-10,12:13:00,19:54:00,12,Riffpedia,Airbus A320
7767,POL,CIL,2022-08-06,2022-11-05,06:51:00,13:29:00,9,Feedmix,Airbus A320
4161,SJT,YWS,2022-04-13,2022-09-15,21:22:00,02:15:00,13,Thoughtstorm,Airbus A320
1807,SYE,GUA,2022-09-09,2022-08-03,17:51:00,18:04:00,15,Skimia,Embraer E190
4411,PWA,GUB,2022-01-27,2022-05-02,12:50:00,15:32:00,22,Kwilith,Airbus A320
2164,EJT,AMV,2022-12-29,2022-09-04,17:26:00,03:59:00,17,Yata,Boeing 737
2257,CHZ,TSU,2022-07-27,2022-02-03,22:39:00,00:01:00,12,Twimbo,Airbus A320
7884,OWB,LYO,2022-05-06,2022-11-21,16:14:00,15:55:00,4,Jaxworks,Airbus A320
3699,CEZ,FCO,2022-08-29,2022-07-28,11:52:00,10:53:00,5,Photolist,Embraer E190
7421,RCH,SZX,2022-02-28,2022-02-20,01:10:00,00:27:00,19,Edgewire,Airbus A320
5297,BWU,IVR,2022-12-14,2022-06-03,17:50:00,06:25:00,10,Babbleblab,Boeing 737
5626,COX,INZ,2022-01-20,2022-12-19,22:25:00,06:01:00,9,Jabbertype,Boeing 737
1977,IZA,IBP,2022-03-10,2022-02-04,05:43:00,17:09:00,3,Mita,Airbus A320
8183,BYB,DGT,2022-12-24,2022-09-24,19:35:00,20:05:00,22,Chatterbridge,Boeing 737
3707,PLW,UCY,2022-09-29,2022-05-10,03:49:00,13:33:00,14,Edgewire,Airbus A320
8444,FLA,HGR,2022-11-18,2022-09-10,20:59:00,07:14:00,5,Thoughtbeat,Embraer E190
1274,KKH,VLU,2022-11-13,2022-06-03,12:27:00,07:46:00,1,Voolia,Embraer E190
261,DYS,ABA,2022-02-20,2022-07-30,11:20:00,14:29:00,3,Yakitri,Boeing 737
9092,"0",PGK,2022-09-05,2022-09-04,03:21:00,00:57:00,21,Quinu,Embraer E190
6629,SYK,NSV,2022-09-03,2022-11-16,19:09:00,00:53:00,10,Voonix,Boeing 737
9451,SPI,BOB,2022-08-02,2022-11-24,22:48:00,03:44:00,23,Podcat,Embraer E190
2405,MSD,SPB,2022-06-21,2022-11-07,22:41:00,03:29:00,17,Yodo,Embraer E190
567,KNN,SEY,2022-02-09,2022-12-15,13:42:00,12:29:00,3,Lazzy,Airbus A320
9037,TUI,NNB,2022-12-10,2022-09-03,21:01:00,10:10:00,15,Youfeed,Embraer E190
1429,MLO,MOU,2022-03-14,2022-02-24,03:22:00,03:04:00,10,Skilith,Airbus A320
8957,NRI,SDV,2022-10-28,2022-01-16,16:08:00,03:03:00,14,Dabvine,Embraer E190
7802,HTL,WOL,2022-02-13,2022-05-20,10:06:00,23:26:00,3,Zoombox,Boeing 737
1217,RWF,GIL,2022-07-26,2022-04-16,02:58:00,10:28:00,17,Eadel,Airbus A320
825,RNL,TRS,2022-07-09,2022-01-11,04:06:00,15:51:00,8,Tagpad,Embraer E190
4106,RGO,KSF,2022-01-30,2022-01-09,11:43:00,20:17:00,4,Skalith,Embraer E190
7727,JKR,CDP,2022-04-24,2022-01-31,13:31:00,02:22:00,21,Fatz,Airbus A320
8910,USR,ROY,2022-04-25,2022-08-09,01:07:00,07:24:00,22,Quaxo,Embraer E190
7059,DPL,FDK,2022-05-23,2022-02-11,03:14:00,18:46:00,14,Twitterlist,Boeing 737
3114,TKQ,JGN,2022-02-22,2022-08-22,12:17:00,21:23:00,21,Fadeo,Embraer E190
2004,BWA,MYQ,2022-10-14,2022-03-06,01:26:00,23:53:00,3,Flipbug,Airbus A320
8160,IAA,YEI,2022-04-15,2022-09-01,10:33:00,04:43:00,18,Roomm,Airbus A320
279,PDI,AFL,2022-08-08,2022-05-15,23:27:00,12:56:00,6,Vinder,Boeing 737
9828,BOZ,JBK,2022-10-23,2022-07-02,09:53:00,12:52:00,19,Camimbo,Boeing 737
832,YCK,TAL,2022-03-08,2022-11-10,00:33:00,12:33:00,13,Flipstorm,Boeing 737
9414,BYI,CRL,2022-08-06,2022-05-06,05:22:00,03:36:00,18,Layo,Embraer E190
7810,KUK,CIR,2022-01-26,2022-01-21,21:54:00,17:46:00,15,Agivu,Embraer E190
6595,XKY,BZN,2022-08-22,2022-03-26,00:10:00,06:32:00,1,Gabtune,Embraer E190
6682,VOL,UIL,2022-10-24,2022-07-14,15:22:00,15:17:00,16,Jabberbean,Airbus A320
5368,KEO,LOU,2022-04-08,2022-12-01,13:51:00,00:53:00,24,Roomm,Boeing 737
5323,OCH,WAP,2022-05-24,2022-04-11,02:45:00,09:56:00,19,Eazzy,Boeing 737
5446,FKI,MUC,2022-01-19,2022-05-31,23:08:00,12:08:00,23,Topiczoom,Airbus A320
1525,PIO,JLR,2022-12-27,2022-05-12,00:52:00,18:47:00,10,Muxo,Embraer E190
6133,AUP,JDO,2022-02-08,2022-11-09,03:16:00,20:42:00,2,Kanoodle,Embraer E190
3321,LIL,LKY,2022-08-13,2022-07-09,12:06:00,09:53:00,15,Dynava,Airbus A320
712,NWT,GWN,2022-05-31,2022-11-13,04:08:00,19:38:00,15,Centizu,Embraer E190
5069,LSJ,PDV,2022-10-08,2022-10-22,00:50:00,02:41:00,1,Yodel,Embraer E190
8431,MJG,LLI,2022-12-13,2022-03-02,03:36:00,02:29:00,24,Topiclounge,Boeing 737
8775,GBD,CHZ,2022-11-09,2022-05-25,15:35:00,22:23:00,11,Buzzster,Embraer E190
2619,IMG,ASP,2022-02-02,2022-03-14,14:01:00,00:31:00,24,Edgepulse,Boeing 737
3666,IRG,MIH,2022-08-26,2022-01-29,16:57:00,17:50:00,19,Ainyx,Embraer E190
8762,DBK,AIR,2022-11-13,2022-10-05,11:17:00,01:13:00,6,Camimbo,Embraer E190
1986,EIN,XBO,2022-09-03,2022-05-31,03:43:00,04:37:00,10,Thoughtbeat,Embraer E190
5943,MUI,GNA,2022-01-30,2022-09-06,08:37:00,12:50:00,20,Ozu,Airbus A320
1631,TBZ,TNH,2022-06-27,2022-03-07,05:05:00,03:29:00,17,Flashdog,Boeing 737
1123,BBX,WUN,2022-12-04,2022-08-30,06:04:00,11:42:00,7,Skibox,Embraer E190
261,KRR,MDY,2022-03-20,2022-04-08,23:03:00,20:35:00,13,Avamm,Airbus A320
413,STB,TNX,2022-12-03,2022-11-21,15:34:00,00:16:00,15,Edgewire,Boeing 737
1250,AAB,IOA,2022-11-12,2022-07-14,03:06:00,07:15:00,16,Dablist,Boeing 737
2289,KGY,SKA,2022-09-27,2022-10-17,23:56:00,11:04:00,4,Yoveo,Boeing 737
2683,CKH,NUP,2022-02-27,2022-02-03,00:56:00,13:27:00,8,Brightbean,Airbus A320
8588,HNB,MEC,2022-12-11,2022-11-09,18:11:00,22:56:00,23,Buzzbean,Airbus A320
3338,CIF,KAT,2022-08-28,2022-10-28,02:47:00,15:18:00,13,Mynte,Airbus A320
3081,OVG,DNB,2022-03-01,2022-07-13,20:31:00,18:35:00,8,Twitterworks,Boeing 737
8047,ESL,YFG,2022-04-15,2022-03-01,09:22:00,08:33:00,21,Devbug,Airbus A320
967,RNJ,AMX,2022-09-01,2022-01-26,07:51:00,09:27:00,8,Latz,Embraer E190
7516,BNM,ZAG,2022-06-05,2022-01-12,16:47:00,09:10:00,11,Browsetype,Airbus A320
7025,MOV,SCP,2022-08-19,2022-06-30,14:37:00,06:12:00,16,Blogtags,Embraer E190
678,THG,TJK,2022-10-21,2022-08-21,02:32:00,20:14:00,15,Wikido,Airbus A320
7919,BJZ,PLD,2022-02-21,2022-03-15,21:23:00,09:37:00,23,Abata,Airbus A320
770,MPJ,EBS,2022-10-24,2022-06-03,23:08:00,01:55:00,23,Linkbridge,Airbus A320
5125,CSZ,MYV,2022-03-11,2022-02-25,10:15:00,13:20:00,5,Trunyx,Airbus A320
4247,ZAR,MGB,2022-09-26,2022-02-11,06:13:00,14:23:00,10,Tazz,Embraer E190
4690,SYF,HER,2022-07-20,2022-07-13,08:27:00,08:55:00,21,Buzzdog,Airbus A320
5718,IXJ,IFH,2022-03-11,2022-04-25,14:49:00,18:18:00,21,Lazzy,Boeing 737
9081,KWZ,FWL,2022-06-25,2022-09-29,02:02:00,17:14:00,10,Buzzdog,Airbus A320
4907,BMD,SZE,2022-06-16,2022-12-02,18:12:00,19:04:00,10,Skimia,Embraer E190
821,AKD,HKS,2022-04-20,2022-08-11,18:27:00,14:11:00,16,Gevee,Boeing 737
1230,LPJ,TOX,2022-06-24,2022-08-04,23:08:00,06:03:00,17,Edgeblab,Airbus A320
827,ITA,CTH,2022-07-23,2022-12-21,21:10:00,08:32:00,16,Topiclounge,Airbus A320
6778,THB,SJK,2022-08-25,2022-02-26,13:33:00,17:27:00,2,Voolia,Boeing 737
9117,ADX,GBV,2022-01-11,2022-04-14,16:16:00,10:49:00,13,Brightbean,Embraer E190
6921,LDH,YYB,2022-11-23,2022-05-24,06:38:00,00:27:00,23,Browsedrive,Embraer E190
1392,IMF,JNJ,2022-12-12,2022-12-21,21:05:00,15:10:00,20,Photobug,Embraer E190
8011,UMY,KLE,2022-06-27,2022-10-22,11:34:00,11:54:00,21,Eidel,Embraer E190
7908,SPR,TBN,2022-08-12,2022-03-11,20:53:00,22:21:00,21,Zoozzy,Embraer E190
2631,QRA,YLH,2022-08-16,2022-08-08,12:41:00,03:48:00,5,Ooba,Boeing 737
2207,AQS,OMH,2022-10-21,2022-12-08,12:33:00,16:36:00,6,Thoughtstorm,Embraer E190
8980,DPG,NIO,2022-03-19,2022-07-16,04:35:00,04:11:00,3,Kazio,Boeing 737
7785,DEE,TRO,2022-11-09,2022-10-02,21:43:00,00:34:00,2,Voonix,Embraer E190
8782,BLR,RMG,2022-10-27,2022-01-20,20:16:00,19:27:00,3,Twiyo,Airbus A320
4773,IBO,BGW,2022-02-08,2022-12-07,19:23:00,00:47:00,16,Oloo,Embraer E190
5595,GII,AER,2022-07-20,2022-05-25,15:12:00,16:20:00,21,Abata,Boeing 737
8059,WAO,TSU,2022-12-26,2022-01-27,07:42:00,19:09:00,10,Voomm,Embraer E190
5446,ASV,FNR,2022-10-18,2022-04-11,22:04:00,20:05:00,22,Devify,Embraer E190
3944,TNI,MVZ,2022-06-06,2022-06-20,14:57:00,10:43:00,16,Tagopia,Embraer E190
9792,SYM,ZAD,2022-11-29,2022-09-05,20:18:00,01:22:00,18,Pixope,Boeing 737
2854,PUJ,PTW,2022-06-11,2022-01-13,20:45:00,21:43:00,12,Youfeed,Boeing 737
3284,JUI,ADX,2022-03-10,2022-04-04,08:07:00,12:38:00,1,Trupe,Boeing 737
8833,IAO,JFN,2022-06-22,2022-10-08,01:56:00,14:48:00,23,Skajo,Embraer E190
623,LHK,STA,2022-07-07,2022-12-03,04:05:00,01:21:00,4,Oyope,Airbus A320
4900,FPY,HOM,2022-11-13,2022-12-11,04:50:00,11:16:00,18,Camido,Embraer E190
322,VCP,IRJ,2022-09-12,2022-01-20,16:26:00,23:09:00,1,Livetube,Embraer E190
2634,TJC,NVY,2022-03-23,2022-06-25,17:24:00,05:51:00,20,Topiclounge,Boeing 737
8290,KOJ,ICK,2022-11-27,2022-01-05,01:40:00,14:52:00,19,Devpoint,Embraer E190
5167,SZG,CII,2022-12-06,2022-11-16,17:18:00,03:23:00,18,Mycat,Airbus A320
1995,KTE,HOE,2022-06-15,2022-08-15,16:53:00,15:31:00,14,Leexo,Airbus A320
2336,KTG,XJM,2022-02-22,2022-10-17,11:54:00,00:19:00,4,Browsezoom,Embraer E190
7591,"0",MLK,2022-09-19,2022-02-17,09:37:00,15:32:00,17,Oba,Boeing 737
1477,MEV,PZO,2022-01-13,2022-12-05,18:01:00,19:38:00,21,Quinu,Airbus A320
5624,EHM,CNS,2022-11-27,2022-07-19,23:57:00,20:59:00,12,Thoughtworks,Boeing 737
7158,LGH,XLS,2022-09-19,2022-05-28,09:48:00,11:03:00,24,Realfire,Embraer E190
9390,DRB,TTJ,2022-09-17,2022-03-14,04:55:00,10:27:00,24,Minyx,Boeing 737
1851,TKL,LPA,2022-02-24,2022-06-11,14:05:00,13:48:00,2,Demizz,Boeing 737
7399,AXM,THP,2022-01-21,2022-08-17,09:15:00,17:19:00,21,Devshare,Boeing 737
6575,AKQ,STF,2022-11-30,2022-09-27,07:08:00,12:23:00,5,Trudoo,Airbus A320
6697,JAM,BMB,2022-12-16,2022-07-22,07:31:00,01:29:00,4,Eidel,Boeing 737
2511,YSL,GEX,2022-03-07,2022-11-20,00:55:00,22:59:00,4,Yoveo,Boeing 737
6868,ZGL,BPG,2022-08-06,2022-03-04,00:26:00,01:19:00,10,Demimbu,Embraer E190
8863,ARY,DPB,2022-03-14,2022-10-21,10:31:00,08:55:00,22,Buzzdog,Embraer E190
5827,KYA,SEW,2022-08-26,2022-02-02,01:04:00,12:27:00,4,Oyope,Boeing 737
3847,SCQ,SEM,2022-09-03,2022-09-22,09:13:00,20:23:00,8,Myworks,Boeing 737
8603,BAC,YKZ,2022-02-24,2022-07-22,09:58:00,23:48:00,2,Zoozzy,Embraer E190
8382,ZHM,ADW,2022-05-10,2022-01-15,22:55:00,19:31:00,15,Photolist,Embraer E190
1767,HLV,THO,2022-09-03,2022-08-30,21:54:00,01:14:00,21,Kaymbo,Boeing 737
1549,SZX,BWQ,2022-02-17,2022-09-13,03:28:00,21:30:00,12,Devbug,Boeing 737
7145,TYR,BBE,2022-06-28,2022-10-31,07:57:00,01:34:00,16,Jabberbean,Embraer E190
6370,CEK,KIP,2022-02-16,2022-03-06,01:25:00,11:49:00,5,Livetube,Embraer E190
8604,THU,YOC,2022-05-17,2022-05-31,22:50:00,09:13:00,1,Oyonder,Embraer E190
6687,TJG,RCY,2022-08-12,2022-08-12,18:56:00,08:52:00,20,Tambee,Airbus A320
5840,GES,"0",2022-03-08,2022-06-06,13:25:00,09:39:00,4,Wordtune,Boeing 737
4217,UKT,MDJ,2022-04-05,2022-01-02,07:54:00,11:44:00,11,Buzzbean,Airbus A320
7758,BAI,BRW,2022-09-04,2022-11-03,21:38:00,07:14:00,16,Aimbo,Boeing 737
3951,JUL,VJQ,2022-01-16,2022-12-05,12:22:00,12:59:00,8,Zooxo,Airbus A320
5628,YOL,EGV,2022-05-24,2022-11-28,15:33:00,02:35:00,13,Tagchat,Embraer E190
2690,SAX,MXC,2022-06-07,2022-01-23,06:53:00,19:18:00,3,Topicstorm,Embraer E190
5349,YFG,EPT,2022-10-14,2022-02-26,02:21:00,05:41:00,5,Quatz,Boeing 737
4383,CHN,GRI,2022-04-20,2022-03-07,17:44:00,18:01:00,20,Dabshots,Airbus A320
4462,AUG,WPK,2022-07-25,2022-01-24,16:50:00,23:15:00,15,Yambee,Boeing 737
2665,PMW,LCG,2022-10-29,2022-01-09,09:42:00,07:25:00,24,Yata,Embraer E190
4719,TUE,BJZ,2022-12-07,2022-02-16,11:44:00,20:07:00,23,Ozu,Boeing 737
9745,TSI,CPO,2022-03-10,2022-12-16,00:12:00,14:22:00,11,Quinu,Embraer E190
9241,YYE,YPE,2022-12-06,2022-07-14,22:03:00,00:41:00,11,Devpoint,Boeing 737
4425,KIP,GDD,2022-02-03,2022-09-08,07:54:00,19:15:00,5,Kayveo,Boeing 737
5755,TRN,MSS,2022-10-22,2022-06-29,21:47:00,17:56:00,3,Yamia,Boeing 737
272,SUP,SOJ,2022-02-09,2022-10-29,20:10:00,14:39:00,4,Voonder,Boeing 737
7591,KTL,TDN,2022-09-03,2022-10-29,04:13:00,07:46:00,5,Babbleset,Boeing 737
8318,XGN,DUD,2022-04-06,2022-05-15,17:03:00,00:22:00,8,Babbleset,Boeing 737
2022,SGP,GVL,2022-01-25,2022-10-06,01:43:00,19:48:00,2,Twimbo,Boeing 737
4162,JOL,QUY,2022-05-22,2022-01-28,04:28:00,19:47:00,10,Thoughtbeat,Airbus A320
3968,DZN,TCQ,2022-01-24,2022-01-27,13:43:00,15:35:00,18,Kamba,Embraer E190
8668,LIB,PKC,2022-11-19,2022-04-13,07:52:00,19:23:00,16,Vidoo,Boeing 737
129,GAQ,NWA,2022-12-18,2022-05-07,22:24:00,15:24:00,6,Shufflester,Airbus A320
7,UPL,CKA,2022-03-14,2022-05-16,20:53:00,18:57:00,23,Dynabox,Boeing 737
1236,CGK,CKW,2022-07-30,2022-09-18,05:25:00,19:35:00,7,Dabvine,Airbus A320
5836,SOZ,PKJ,2022-10-28,2022-03-16,17:14:00,04:16:00,7,Yata,Airbus A320
3845,DHM,OAK,2022-11-06,2022-08-26,22:45:00,22:45:00,2,Skinix,Boeing 737
264,CAS,VTF,2022-06-21,2022-09-23,17:13:00,22:23:00,19,Mycat,Embraer E190
1481,TSV,TZA,2022-01-27,2022-07-25,05:28:00,08:07:00,11,Zoovu,Embraer E190
813,FNA,TON,2022-01-22,2022-06-06,09:46:00,11:32:00,8,Jatri,Boeing 737
7933,"0",ZKM,2022-08-05,2022-11-29,10:37:00,11:25:00,8,Leenti,Embraer E190
898,RSU,SDD,2022-07-23,2022-02-05,00:33:00,06:39:00,11,Livepath,Airbus A320
4984,HLS,KIR,2022-10-15,2022-10-08,19:53:00,04:24:00,22,Tagchat,Embraer E190
1928,XQU,TTG,2022-03-07,2022-07-12,16:45:00,08:25:00,8,Npath,Boeing 737
1844,OKI,WMP,2022-06-29,2022-10-23,13:55:00,04:00:00,5,Fanoodle,Boeing 737
967,BOS,XPK,2022-09-20,2022-11-21,19:08:00,14:28:00,20,Buzzdog,Boeing 737
5051,MXM,KUL,2022-09-18,2022-02-17,20:17:00,09:59:00,19,Eidel,Boeing 737
1510,TQN,BZX,2022-09-16,2022-09-12,00:18:00,07:02:00,4,Oyonder,Airbus A320
2155,KLE,IOA,2022-08-23,2022-07-22,07:17:00,20:30:00,22,Flashset,Boeing 737
8163,RBT,QRR,2022-02-12,2022-07-06,16:49:00,22:25:00,23,Mybuzz,Embraer E190
1436,MFO,MKK,2022-03-05,2022-05-02,23:42:00,19:52:00,23,Zazio,Airbus A320
1050,IQT,YZW,2022-07-16,2022-07-20,14:39:00,12:45:00,11,Eayo,Embraer E190
3594,ARJ,FUO,2022-05-22,2022-05-01,21:21:00,07:21:00,1,Myworks,Boeing 737
8604,TKG,CTR,2022-12-09,2022-12-03,05:08:00,12:54:00,24,Trilia,Airbus A320
6111,PPB,NYM,2022-04-13,2022-08-05,05:42:00,12:22:00,20,Innotype,Boeing 737
7325,NGK,SRP,2022-01-18,2022-06-22,04:40:00,04:56:00,14,Skimia,Embraer E190
3144,SAD,ILK,2022-08-18,2022-08-07,10:44:00,09:09:00,20,Fanoodle,Embraer E190
6227,PIB,PTJ,2022-09-28,2022-04-27,15:09:00,10:31:00,18,Roomm,Embraer E190
1431,JQE,PVH,2022-11-27,2022-07-08,01:04:00,09:12:00,2,Izio,Boeing 737
3345,KOP,HEH,2022-09-13,2022-10-18,01:50:00,18:34:00,2,Linktype,Airbus A320
9298,QUO,USU,2022-04-28,2022-05-04,19:26:00,16:32:00,18,Roomm,Airbus A320
2262,SWA,PKP,2022-04-05,2022-11-26,06:28:00,13:16:00,10,Tagcat,Embraer E190
1852,YEV,CND,2022-10-14,2022-05-28,22:18:00,02:02:00,7,Youspan,Embraer E190
7918,BIQ,STQ,2022-08-21,2022-06-09,18:07:00,23:45:00,20,Jamia,Embraer E190
5562,PQM,GCT,2022-09-05,2022-08-14,05:11:00,14:35:00,23,Realcube,Airbus A320
781,TSN,HOH,2022-06-18,2022-10-22,16:31:00,19:36:00,15,Feedfish,Embraer E190
5105,HLC,URM,2022-06-24,2022-03-05,21:18:00,10:31:00,11,Livepath,Airbus A320
6085,RAO,CIT,2022-07-25,2022-04-05,16:42:00,03:29:00,5,Jabbercube,Airbus A320
5907,TRS,YHY,2022-04-12,2022-04-14,23:11:00,10:36:00,2,Feedfish,Airbus A320
1614,BDP,TII,2022-07-27,2022-05-01,13:24:00,19:31:00,11,Nlounge,Embraer E190
7856,BYL,WKB,2022-10-07,2022-11-02,09:32:00,14:31:00,7,Gabvine,Embraer E190
6694,HYF,YBH,2022-03-11,2022-04-19,07:58:00,12:26:00,4,Tagchat,Embraer E190
8316,DNI,BGT,2022-12-30,2022-11-03,14:35:00,23:04:00,21,Wikizz,Airbus A320
8692,OSO,ACU,2022-04-28,2022-05-13,12:08:00,12:12:00,21,Fiveclub,Embraer E190
2457,AZL,KIJ,2022-05-21,2022-06-05,02:11:00,22:31:00,12,Meevee,Airbus A320
8468,KSD,ANU,2022-09-26,2022-07-20,08:50:00,12:55:00,4,Kamba,Boeing 737
4329,ZFU,SSG,2022-06-29,2022-05-06,22:06:00,23:00:00,8,Quatz,Embraer E190
2307,YWR,NPU,2022-08-22,2022-03-10,10:26:00,22:04:00,21,Skiba,Boeing 737
6757,LHG,BGJ,2022-10-14,2022-05-08,11:23:00,00:31:00,6,Reallinks,Boeing 737
4797,RVV,UIK,2022-10-18,2022-07-04,08:39:00,11:24:00,12,Topicshots,Boeing 737
942,BGQ,VLU,2022-04-20,2022-05-28,02:19:00,04:46:00,24,Yodel,Embraer E190
6893,HIP,SVV,2022-08-03,2022-10-18,08:30:00,15:35:00,21,Kamba,Boeing 737
7465,YWM,KSU,2022-10-30,2022-08-20,17:37:00,02:25:00,17,Voolia,Boeing 737
3836,KOC,AET,2022-08-16,2022-12-22,17:17:00,20:10:00,17,Fatz,Embraer E190
1565,CKX,SSC,2022-07-14,2022-03-20,16:47:00,19:25:00,21,Yacero,Embraer E190
3754,FFO,OSF,2022-11-14,2022-11-20,22:02:00,14:02:00,9,Oba,Boeing 737
2332,COB,AQS,2022-08-02,2022-01-06,10:04:00,09:29:00,19,Roomm,Boeing 737
3297,APU,SGF,2022-08-20,2022-06-10,02:39:00,19:26:00,24,Twitterworks,Airbus A320
8793,ASC,NLG,2022-10-31,2022-03-29,14:44:00,15:52:00,1,Mymm,Boeing 737
6518,ISS,HUS,2022-04-04,2022-07-27,09:33:00,19:22:00,21,InnoZ,Embraer E190
1651,YEB,AAS,2022-07-10,2022-01-29,14:29:00,19:09:00,22,Wordtune,Airbus A320
7089,CYP,YEI,2022-07-25,2022-04-24,08:30:00,10:05:00,7,Vipe,Embraer E190
7939,MKP,BVW,2022-06-23,2022-08-03,12:03:00,06:39:00,2,Mybuzz,Boeing 737
5588,XRR,PRZ,2022-08-05,2022-05-04,13:40:00,17:00:00,1,Linktype,Airbus A320
5917,CIL,CPT,2022-05-31,2022-12-26,03:54:00,04:40:00,10,Innojam,Boeing 737
424,VIJ,SQQ,2022-08-11,2022-08-16,10:10:00,23:37:00,3,Dabtype,Embraer E190
5493,MUT,YHT,2022-08-01,2022-07-03,05:15:00,00:20:00,6,Quimm,Airbus A320
962,NDM,KBR,2022-05-12,2022-01-09,16:01:00,12:31:00,14,Camido,Airbus A320
7412,CKK,LPA,2022-10-01,2022-03-28,09:25:00,22:13:00,11,Zazio,Boeing 737
5100,STE,NRT,2022-04-08,2022-12-14,00:39:00,00:19:00,15,Rhyzio,Boeing 737
